time,fold,prob_up,dynamic_threshold,pred_signal,bet_size,true_target,barrier_return,barrier_touch_time
2019-06-05,1,0.44469050055645964,0.47225091761634924,0,0.0,1,0.009399538645159,2019-06-07
2019-06-06,1,0.46894791610045006,0.4705575997178712,0,0.0,1,0.0095627528137383,2019-06-07
2019-06-07,1,0.4224319449741595,0.4705575997178712,0,0.0,0,-0.0060577614644053,2019-06-14
2019-06-10,1,0.4308432707420772,0.46884413556968446,0,0.0,0,-0.0051370592358542,2019-06-13
2019-06-11,1,0.4523301939103558,0.46685100639641575,0,0.0,0,-0.00800387860073,2019-06-14
2019-06-12,1,0.4144747431842514,0.46685100639641575,0,0.0,0,-0.0057760428430919,2019-06-14
2019-06-13,1,0.4146597013095817,0.46685100639641575,0,0.0,0,-0.0101914454079035,2019-06-18
2019-06-14,1,0.47311007559826224,0.46884413556968446,1,0.2,0,-0.0053679447679845,2019-06-18
2019-06-17,1,0.4536279152492073,0.46884413556968446,0,0.0,0,-0.0061534295661805,2019-06-18
2019-06-18,1,0.4469485198041655,0.46884413556968446,0,0.0,1,0.0073049724137355,2019-06-19
2019-06-19,1,0.47032337890875975,0.46942932808335847,1,0.2,1,0.0060056245349913,2019-06-20
2019-06-20,1,0.4915315295412006,0.4712987227500856,1,0.2,1,0.005406800335493,2019-06-25
2019-06-21,1,0.5047246406697584,0.4732630033914491,1,0.2,1,0.0051306945185849,2019-06-25
2019-06-24,1,0.47373401754746247,0.4732630033914491,1,0.2,0,-0.0113739991478215,2019-06-27
2019-06-25,1,0.4530362043000782,0.4712987227500856,0,0.0,0,-0.0122642803674651,2019-06-27
2019-06-26,1,0.47530673847483645,0.4732630033914491,1,0.2,0,-0.0142863089461702,2019-06-27
2019-06-27,1,0.4585335952317357,0.4712987227500856,0,0.0,1,0.0105461896475143,2019-07-01
2019-06-28,1,0.4052249593834558,0.46942932808335847,0,0.0,1,0.0061728317045413,2019-07-01
2019-07-01,1,0.42769803155411174,0.46942932808335847,0,0.0,0,0.0001154617602947,2019-07-08
2019-07-02,1,0.49030740692362107,0.46942932808335847,1,0.2,1,0.0051873611107682,2019-07-05
2019-07-03,1,0.46391049338780943,0.46942932808335847,0,0.0,0,0.0038403486543301,2019-07-10
2019-07-04,1,0.49486293704444567,0.46942932808335847,1,0.2,0,0.0012593775114246,2019-07-11
2019-07-05,1,0.49298949801208697,0.46942932808335847,1,0.2,1,0.0050663469752478,2019-07-12
2019-07-08,1,0.4979148607021989,0.46942932808335847,1,0.2,1,0.0065295793687092,2019-07-12
2019-07-09,1,0.4718260808889416,0.46942932808335847,1,0.2,1,0.0167462819230783,2019-07-16
2019-07-10,1,0.47773139285216887,0.46942932808335847,1,0.2,1,0.0150389886576414,2019-07-16
2019-07-11,1,0.4827585942945708,0.4708493246018234,1,0.2,1,0.0161368898282527,2019-07-16
2019-07-12,1,0.442769854324556,0.4708493246018234,0,0.0,1,0.0118127503536358,2019-07-16
2019-07-15,1,0.4419119355851626,0.4708493246018234,0,0.0,1,0.0121464348449256,2019-07-16
2019-07-16,1,0.4488560848381715,0.4708493246018234,0,0.0,1,0.005763161915324,2019-07-17
2019-07-17,1,0.4170718125766959,0.4708493246018234,0,0.0,0,-0.0085633169027595,2019-07-22
2019-07-18,1,0.4140334976388778,0.4708493246018234,0,0.0,0,-0.0022927725698562,2019-07-25
2019-07-19,1,0.43983645749246997,0.46942932808335847,0,0.0,0,-0.0060474643402013,2019-07-22
2019-07-22,1,0.4428261638519601,0.46942932808335847,0,0.0,0,0.0027320211778052,2019-07-29
2019-07-23,1,0.43927013795024866,0.46942932808335847,0,0.0,0,0.000627195005139,2019-07-30
2019-07-24,1,0.463110494047404,0.4656735913372337,0,0.0,1,0.0065845373132027,2019-07-31
2019-07-25,1,0.47715700543512557,0.4656735913372337,1,0.2360700708905728,1,0.0063897270749606,2019-07-31
2019-07-26,1,0.4647613654668326,0.46420829861546753,1,0.2,1,0.0060003401478803,2019-07-31
2019-07-29,1,0.4732138604717443,0.46420829861546753,1,0.2,1,0.0053196332611158,2019-07-31
2019-07-30,1,0.4451228298787528,0.46420829861546753,0,0.0,1,0.0052390674470546,2019-07-31
2019-07-31,1,0.44154654279873606,0.46420829861546753,0,0.0,1,0.0088852932042382,2019-08-01
2019-08-01,1,0.4373207211585526,0.46420829861546753,0,0.0,1,0.0094698247581495,2019-08-08
2019-08-02,1,0.4026663892858152,0.46420829861546753,0,0.0,1,0.0123511953434012,2019-08-08
2019-08-05,1,0.40052328694841705,0.46369166968649134,0,0.0,1,0.0131230699905406,2019-08-08
2019-08-06,1,0.40776949842179344,0.46327266566968234,0,0.0,1,0.0133169134415633,2019-08-08
2019-08-07,1,0.4064254438840605,0.46327266566968234,0,0.0,1,0.008541466430108,2019-08-08
2019-08-08,1,0.426176217513792,0.46327266566968234,0,0.0,0,-0.0055885483198667,2019-08-14
2019-08-09,1,0.4798863802967261,0.46369166968649134,1,0.4384779541487711,0,-0.007943594236154,2019-08-12
2019-08-12,1,0.4548063898209078,0.46327266566968234,0,0.0,1,0.0072357542792065,2019-08-15
2019-08-13,1,0.4574421577833386,0.4601355098172196,0,0.0,1,0.0070384027672871,2019-08-15
2019-08-14,1,0.46173158097603617,0.4622142005510149,0,0.0,1,0.0083897832755051,2019-08-15
2019-08-15,1,0.46613891198316665,0.46327266566968234,1,0.24722334538943472,0,-0.0095599233126503,2019-08-19
2019-08-16,1,0.45824555201809647,0.46327266566968234,0,0.0,0,-0.009410201246355,2019-08-19
2019-08-19,1,0.4760617942250232,0.46369166968649134,1,0.42617296290227724,0,-0.0017353621828584,2019-08-26
2019-08-20,1,0.46658359759774276,0.46420829861546753,1,0.21833840803753785,0,-0.007693532121769,2019-08-27
2019-08-21,1,0.3152808838102988,0.46420829861546753,0,0.0,0,-0.0086083340594178,2019-08-27
2019-08-22,1,0.4698042712400544,0.46524350674754955,1,0.26032383389047153,0,-0.0098922605982241,2019-08-27
2019-08-23,1,0.46702726377556886,0.4662945519482683,1,0.20792264448838124,0,-0.0087124560271433,2019-08-27
2019-08-26,1,0.46512167260106385,0.4662945519482683,0,0.0,0,-0.0052031513295254,2019-08-27
2019-08-27,1,0.49265381056260826,0.4667388807599819,1,0.6169779478199295,1,0.0094200132834196,2019-08-30
2019-08-28,1,0.5290947483234195,0.4676994920892773,1,1.0,1,0.0115606563068915,2019-08-30
2019-08-29,1,0.4724128906728533,0.4679992163881388,1,0.23782435289978926,1,0.0094347088391744,2019-08-30
2019-08-30,1,0.4847122180177986,0.4699859589241013,1,0.4185814006705141,0,-0.0056561921461814,2019-09-03
2019-09-02,1,0.47914925087930843,0.4708493246018234,1,0.31639035771721546,0,-0.0056561921461814,2019-09-03
2019-09-03,1,0.4742122839877891,0.4720314643133107,1,0.23058480402065562,0,-0.0124742807424095,2019-09-04
2019-09-04,1,0.46108263565932445,0.4720314643133107,0,0.0,0,-0.0123848563207915,2019-09-10
2019-09-05,1,0.8606692872589675,0.47265690539674643,1,1.0,0,-0.0130224968316952,2019-09-10
2019-09-06,1,0.4480447924952353,0.4720314643133107,0,0.0,0,-0.0056259828035792,2019-09-09
2019-09-09,1,0.46141220350066253,0.4720314643133107,0,0.0,0,-0.0078974015578694,2019-09-10
2019-09-10,1,0.47031983527886284,0.4720314643133107,0,0.0,1,0.0064473265701829,2019-09-12
2019-09-11,1,0.4794414922755257,0.47269323010246517,1,0.2,1,0.0081940766206269,2019-09-13
2019-09-12,1,0.49946168725391776,0.47269323010246517,1,0.24096849434057682,1,0.0053994792133842,2019-09-13
2019-09-13,1,0.5015563351167772,0.47269323010246517,1,0.2598989384120044,1,0.0056964744245819,2019-09-16
2019-09-16,1,0.47847930731807503,0.47269323010246517,1,0.2,0,-0.0038310255827739,2019-09-23
2019-09-17,1,0.46510974538172317,0.47269323010246517,0,0.0,0,-0.005722607931978,2019-09-24
2019-09-18,1,0.4609279040473293,0.4720314643133107,0,0.0,0,-4.176246314135934e-05,2019-09-25
2019-09-19,1,0.41978077180260814,0.4720314643133107,0,0.0,0,-0.005328417253522,2019-09-23
2019-09-20,1,0.4367165366603354,0.4720314643133107,0,0.0,0,-0.0070431701370103,2019-09-23
2019-09-23,1,0.4462653267646121,0.4720314643133107,0,0.0,1,0.0052444225204075,2019-09-30
2019-09-24,1,0.42024642189638095,0.4708470212423904,0,0.0,1,0.0064722468941218,2019-09-30
2019-09-25,1,0.42746215533337506,0.4708470212423904,0,0.0,0,0.0037309052529503,2019-10-02
2019-09-26,1,0.45860512401773007,0.4699847186536374,0,0.0,1,0.0050567699123518,2019-09-30
2019-09-27,1,0.46110759557045744,0.4679992163881388,0,0.0,0,-0.0049712974967227,2019-10-04
2019-09-30,1,0.44707013549844843,0.4667388807599819,0,0.0,0,-0.0074972611178865,2019-10-04
2019-10-01,1,0.46101866944926634,0.4662945519482683,0,0.0,0,-0.0086762077052954,2019-10-04
2019-10-02,1,0.4712349968743029,0.4662945519482683,1,0.2,0,-0.0086234883424362,2019-10-04
2019-10-03,1,0.4593058285098744,0.46547770638479985,0,0.0,0,-0.0063736975099577,2019-10-04
2019-10-04,1,0.4595631811275457,0.46547770638479985,0,0.0,0,0.0006597693387238,2019-10-11
2019-10-07,1,0.5456109584842368,0.4662945519482683,1,0.6591308867827265,0,0.0042240468326344,2019-10-14
2019-10-08,1,0.4611582548946539,0.4662945519482683,0,0.0,0,0.0020757668501296,2019-10-15
2019-10-09,1,0.46012463579888674,0.4662945519482683,0,0.0,1,0.0057840623075646,2019-10-14
2019-10-10,1,0.4574674645448024,0.4662945519482683,0,0.0,1,0.0068553151076071,2019-10-14
2019-10-11,1,0.46804931324159954,0.4667388807599819,1,0.2,0,-0.0071346009853188,2019-10-17
2019-10-14,1,0.46681204669800397,0.4668873726751517,0,0.0,0,-0.0064044793139883,2019-10-16
2019-10-15,1,0.4560725724057936,0.4668873726751517,0,0.0,0,-0.0095878657601576,2019-10-17
2019-10-16,1,0.42550327111358655,0.4668873726751517,0,0.0,0,-0.005512498013987,2019-10-18
2019-10-17,1,0.39550772769110276,0.46666355478283417,0,0.0,0,-0.0099118910074502,2019-10-21
2019-10-18,1,0.39947633615903577,0.46666355478283417,0,0.0,0,-0.009362077201498,2019-10-21
2019-10-21,1,0.4011374211049494,0.4662945519482683,0,0.0,1,0.0070112310184593,2019-10-22
2019-10-22,1,0.4275117574874334,0.4662945519482683,0,0.0,1,0.005296992562886,2019-10-25
2019-10-23,1,0.4579435124437967,0.4662945519482683,0,0.0,1,0.0051764513173693,2019-10-25
2019-10-24,1,0.490047960430729,0.46666355478283417,1,0.2,1,0.0056964111544441,2019-10-31
2019-10-25,1,0.4679184651777689,0.4668873726751517,1,0.2,0,-0.0019606732593216,2019-11-01
2019-10-28,1,0.4702901747283351,0.46733918426633886,1,0.2,0,-0.0013522057045075,2019-11-04
2019-10-29,1,0.43133093399810923,0.46733918426633886,0,0.0,0,-0.0018266055518182,2019-11-05
2019-10-30,1,0.4087109549342962,0.46733918426633886,0,0.0,0,-5.27723054964957e-05,2019-11-06
2019-10-31,1,0.4064559366581528,0.46733918426633886,0,0.0,0,-0.0009665998990089,2019-11-07
2019-11-01,1,0.4275001850641731,0.4668873726751517,0,0.0,0,0.0034943393262558,2019-11-08
2019-11-04,1,0.442518157529857,0.4668873726751517,0,0.0,0,-0.0050292785384143,2019-11-11
2019-11-05,1,0.43285738253614126,0.4668873726751517,0,0.0,0,-0.0053470040848624,2019-11-11
2019-11-06,1,0.46378452730183267,0.4668873726751517,0,0.0,0,-0.0064215311671619,2019-11-11
2019-11-07,1,0.45817776100244006,0.4668873726751517,0,0.0,0,-0.0075618776858044,2019-11-11
2019-11-08,1,0.44891560592761637,0.4668873726751517,0,0.0,0,-0.0072870758676679,2019-11-11
2019-11-11,1,0.4265827486645767,0.46666355478283417,0,0.0,0,-0.0074191320884371,2019-11-14
2019-11-12,1,0.46615774468732113,0.46638675039106015,0,0.0,0,-0.0085361320242034,2019-11-14
2019-11-13,1,0.4815538204655424,0.4668873726751517,1,0.2,0,-0.0063573508035947,2019-11-20
2019-11-14,1,0.48840685269747686,0.4668873726751517,1,0.2,0,-0.0058656675031437,2019-11-21
2019-11-15,1,0.49060933943953033,0.4671992931659217,1,0.2,0,-0.0081581390856315,2019-11-21
2019-11-18,1,0.49051424881053973,0.46796426200010965,1,0.2,0,-0.0059175041949489,2019-11-21
2019-11-19,1,0.480688865217764,0.46796426200010965,1,0.2,0,-0.0062159880473526,2019-11-21
2019-11-20,1,0.45081830218609587,0.4671992931659217,0,0.0,0,-0.0136947018090536,2019-11-22
2019-11-21,1,0.46480713697399345,0.46638675039106015,0,0.0,0,-0.0104004229510246,2019-11-22
2019-11-22,1,0.4600956482323094,0.4654765451386825,0,0.0,0,-0.0085054438656593,2019-11-28
2019-11-25,1,0.45367885629213484,0.46491304991669885,0,0.0,0,-0.0114076294589336,2019-11-29
2019-11-26,1,0.45458111426970976,0.46414244068708893,0,0.0,0,-0.0055660867947198,2019-11-28
2019-11-27,1,0.4782178425564641,0.46491304991669885,1,0.2,0,-0.0103489809705461,2019-11-29
2019-11-28,1,0.4818549674230855,0.46491304991669885,1,0.4325162442452892,0,-0.0064461988044371,2019-11-29
2019-11-29,1,0.49885455421024905,0.4654765451386825,1,0.7319207758687443,1,0.0050018516668066,2019-12-06
2019-12-02,1,0.48253534932462805,0.46638675039106015,1,0.41023643241806496,1,0.0072240976381314,2019-12-09
2019-12-06,1,0.48177111969383174,0.46638675039106015,1,0.39006671040103574,1,0.0054436728787548,2019-12-09
2019-12-09,1,0.4674386047065517,0.46638675039106015,1,0.2,0,-0.0058131065936524,2019-12-10
2019-12-10,1,0.4488388194079042,0.4654765451386825,0,0.0,1,0.0082843335768381,2019-12-12
2019-12-11,1,0.42393389122558556,0.46491304991669885,0,0.0,1,0.0057047578448363,2019-12-12
2019-12-12,1,0.4348430463204506,0.46414244068708893,0,0.0,0,-0.0058105175835295,2019-12-16
2019-12-13,1,0.5411891984163562,0.46414244068708893,1,1.0,0,-0.0052690336280504,2019-12-16
2019-12-16,1,0.4212966843701415,0.46414244068708893,0,0.0,0,-0.0075458968427519,2019-12-18
2019-12-17,1,0.4172847883390901,0.46414244068708893,0,0.0,0,-0.0013628928945076,2019-12-24
2019-12-18,1,0.43090465177936743,0.46414244068708893,0,0.0,1,0.0061819968407703,2019-12-20
2019-12-19,1,0.43384870430351885,0.46414244068708893,0,0.0,1,0.0060163337068317,2019-12-20
2019-12-20,1,0.4321164709980164,0.46414244068708893,0,0.0,0,-0.0065891787384477,2019-12-27
2019-12-23,1,0.458304379063394,0.46414244068708893,0,0.0,0,-0.0055127730440844,2019-12-27
2019-12-24,1,0.45423293438235945,0.46414244068708893,0,0.0,0,0.0015030163106226,2019-12-31
2019-12-25,1,0.443205420219425,0.46414244068708893,0,0.0,0,-0.0052019184920585,2019-12-27
2019-12-26,1,0.46147190406227945,0.46414244068708893,0,0.0,0,-0.0885369290974348,2020-07-28
2019-12-27,1,0.5392995727953166,0.46527984967365815,1,1.0,0,-0.0855512644304229,2020-07-28
2019-12-30,1,0.41837275501085824,0.46414244068708893,0,0.0,0,-0.0892454858670841,2020-07-28
2019-12-31,1,0.4320193728266342,0.46414244068708893,0,0.0,0,-0.089316623805477,2020-07-28
2020-07-29,1,0.46027406764654144,0.46414244068708893,0,0.0,1,0.009277996630701,2020-08-03
2020-07-30,1,0.47525796126370967,0.46414244068708893,1,0.3108806216774299,1,0.0191929020902075,2020-08-04
2020-07-31,1,0.4694783557779957,0.46527984967365815,1,0.20437594974817433,1,0.0104740508288279,2020-08-03
2020-08-03,1,0.49089405366818717,0.46638675039106015,1,0.5705931012730118,1,0.0139445908307316,2020-08-04
2020-08-04,1,0.47000729200273345,0.46703134200099566,1,0.2,1,0.0147972026296625,2020-08-05
2020-08-05,1,0.45351742646109267,0.46638675039106015,0,0.0,1,0.0082199834102563,2020-08-06
2020-08-06,1,0.42414164368771967,0.46527984967365815,0,0.0,0,0.0054720909404653,2020-08-13
2020-08-07,1,0.4201046295924484,0.46527984967365815,0,0.0,0,-0.0083083879762068,2020-08-11
2020-08-10,1,0.40825540393786697,0.46527984967365815,0,0.0,1,0.0176425974454847,2020-08-14
2020-08-11,1,0.4039294124543277,0.46527984967365815,0,0.0,1,0.0129881253927466,2020-08-13
2020-08-12,1,0.4085742729601973,0.46527984967365815,0,0.0,1,0.0087726193490653,2020-08-13
2020-08-13,1,0.43457237479175287,0.46527984967365815,0,0.0,1,0.0105905075472969,2020-08-14
2020-08-14,1,0.45543786653355983,0.46527984967365815,0,0.0,0,0.0062994337090962,2020-08-21
2020-08-17,1,0.4555457427441057,0.46527984967365815,0,0.0,1,0.0169817627881936,2020-08-24
2020-08-18,1,0.4555480204391128,0.46414244068708893,0,0.0,1,0.0063876157764213,2020-08-21
2020-08-19,1,0.44814323558524094,0.46228132219612306,0,0.0,1,0.0161236484307496,2020-08-24
2020-08-20,1,0.4289483466589943,0.46069331039204975,0,0.0,1,0.0056195363590871,2020-08-21
2020-08-21,1,0.41920602119663297,0.46069331039204975,0,0.0,1,0.0109313686113377,2020-08-24
2020-08-24,1,0.4283018843019223,0.46069331039204975,0,0.0,1,0.0065992667474896,2020-08-25
2020-08-25,1,0.44360427038441697,0.46069331039204975,0,0.0,1,0.0098827744922502,2020-08-31
2020-08-26,1,0.4419373115479346,0.46069331039204975,0,0.0,1,0.007086346625553,2020-08-28
2020-08-27,1,0.4400937311729631,0.46069331039204975,0,0.0,1,0.0105575507013804,2020-08-31
2020-08-28,1,0.43638312255398326,0.46069331039204975,0,0.0,1,0.006270485360329,2020-08-31
2020-08-31,1,0.44397493319442166,0.4601580950272906,0,0.0,1,0.0117578389399546,2020-09-03
2020-09-01,1,0.4359739824558587,0.4601580950272906,0,0.0,1,0.0079014747188139,2020-09-03
2020-09-02,1,0.4774778593824711,0.46069331039204975,1,0.37690842868390784,1,0.0079014747188139,2020-09-03
2020-09-03,1,0.4804752631564848,0.46263923558137937,1,0.4163214930267793,0,-0.0097041201189503,2020-09-07
2020-09-04,1,0.4859173827154594,0.46263923558137937,1,0.5067280355023602,0,-0.0055690762213413,2020-09-07
2020-09-07,1,0.9744240774303687,0.46263923558137937,1,1.0,1,0.0071439099468015,2020-09-08
2020-09-08,1,0.46994725210042326,0.46263923558137937,1,0.2,1,0.0059236593329208,2020-09-09
2020-09-09,1,0.4458053413296428,0.46069331039204975,0,0.0,1,0.0151335033512702,2020-09-14
2020-09-10,1,0.4689275952844365,0.46069331039204975,1,0.2,1,0.0129205311164732,2020-09-14
2020-09-11,1,0.43098316048861574,0.4601580950272906,0,0.0,1,0.0127043408153288,2020-09-14
2020-09-14,1,0.41144000586716306,0.4601580950272906,0,0.0,1,0.0069340652345277,2020-09-18
2020-09-15,1,0.45332277579271296,0.4589313232725144,0,0.0,1,0.0083346814347273,2020-09-21
2020-09-16,1,0.47157363260954466,0.4589937700674956,1,0.2,1,0.0064053527816958,2020-09-22
2020-09-17,1,0.001452765117715865,0.4589937700674956,0,0.0,1,0.0066262018724367,2020-09-21
2020-09-18,1,0.44443822716983167,0.4589937700674956,0,0.0,0,-0.0007566009400306,2020-09-25
2020-09-21,1,0.4758381431655827,0.4589937700674956,1,0.2,0,0.0027460046928551,2020-09-28
2020-09-22,1,0.47937513250783076,0.4589937700674956,1,0.2,0,-0.0045214388557768,2020-09-29
2020-09-23,1,0.46915388480175685,0.4589937700674956,1,0.2,0,-0.0003941998611605,2020-09-30
2020-09-24,1,0.48901419368989796,0.4589937700674956,1,0.2,1,0.0065611432687509,2020-09-28
2020-09-25,1,0.47850417845589577,0.4589937700674956,1,0.2,1,0.0067175905981706,2020-09-28
2020-09-28,1,0.4885427806631843,0.4589937700674956,1,0.2,0,-0.006485937986479,2020-09-29
2020-09-29,1,0.4836468726905535,0.46069331039204975,1,0.2,1,0.0104381234252897,2020-10-01
2020-09-30,1,0.4970442644711811,0.46408139599003445,1,0.2,1,0.0080173938649894,2020-10-01
2020-10-01,1,0.482202609573512,0.4690067966154986,1,0.2,1,0.0068573372238238,2020-10-05
2020-10-02,1,0.4949569041959467,0.4690067966154986,1,0.2,1,0.0065528883905467,2020-10-05
2020-10-05,1,0.6308002774328831,0.4692674496434404,1,0.8993471413209904,1,0.0101121119206497,2020-10-06
2020-10-06,1,0.464215122687001,0.4692674496434404,0,0.0,1,0.0070288285311654,2020-10-07
2020-10-07,1,0.46470315046283545,0.4692674496434404,0,0.0,0,-0.0089669159724364,2020-10-12
2020-10-08,1,0.4488461379433963,0.4692674496434404,0,0.0,1,0.0054523846274088,2020-10-09
2020-10-09,1,0.4170913043443892,0.4692674496434404,0,0.0,0,-0.0112139694584624,2020-10-12
2020-10-12,1,0.4273369355983342,0.4692674496434404,0,0.0,0,-0.0072362653409788,2020-10-13
2020-10-13,1,0.4263203852791943,0.4692674496434404,0,0.0,0,0.0015871634978934,2020-10-20
2020-10-14,1,0.41876397716932673,0.4692674496434404,0,0.0,0,-0.004794940184517,2020-10-21
2020-10-15,1,0.4567663288941976,0.4692674496434404,0,0.0,0,-0.000330512261608,2020-10-22
2020-10-16,1,0.48286236988660847,0.4692674496434404,1,0.2,1,0.0124008137074886,2020-10-23
2020-10-19,1,0.48823153974417716,0.4696424694908453,1,0.2,1,0.0116069062604196,2020-10-23
2020-10-20,1,0.47477329389262246,0.4699682660662318,1,0.2,1,0.0106620594819599,2020-10-23
2020-10-21,1,0.4818766865512031,0.47055551121511735,1,0.2,1,0.0123100205362725,2020-10-23
2020-10-22,1,0.4675100721838483,0.4699682660662318,0,0.0,1,0.0087488881195745,2020-10-23
2020-10-23,1,0.4679958984333009,0.4699682660662318,0,0.0,0,-0.0072741971537525,2020-10-26
2020-10-26,1,0.469832876249012,0.4698729077970059,0,0.0,0,-0.0054305769895588,2020-10-27
2020-10-27,1,0.45469168533917304,0.4693915318082961,0,0.0,0,-0.0141543193311391,2020-10-28
2020-10-28,1,0.436164303542331,0.4693915318082961,0,0.0,1,0.0060892539271935,2020-11-02
2020-10-29,1,0.4380414660850954,0.4693915318082961,0,0.0,1,0.0073605841972925,2020-11-02
2020-10-30,2,0.4471079903623649,0.4759228931717485,0,0.0,1,0.0121285968983149,2020-11-03
2020-11-02,2,0.46745638648972226,0.4759228931717485,0,0.0,1,0.0091550141161211,2020-11-04
2020-11-03,2,0.4796367481927135,0.4761343953625108,1,0.2,1,0.0067511326185902,2020-11-09
2020-11-04,2,0.442751742701618,0.4761343953625108,0,0.0,1,0.0096478979528498,2020-11-11
2020-11-05,2,0.4647996453994603,0.4759228931717485,0,0.0,1,0.0079726359591494,2020-11-09
2020-11-06,2,0.4868475154722404,0.4761343953625108,1,0.2,1,0.0075812927918983,2020-11-09
2020-11-09,2,0.4584891331579988,0.4761343953625108,0,0.0,1,0.0117759437558613,2020-11-12
2020-11-10,2,0.4822887508562018,0.4766288401512978,1,0.2,1,0.0116099159470124,2020-11-12
2020-11-11,2,0.49603644207970016,0.477352887539668,1,0.29054648819876316,1,0.0104356662233779,2020-11-13
2020-11-12,2,0.4618751534602941,0.477352887539668,0,0.0,1,0.0087170290196376,2020-11-17
2020-11-13,2,0.46642893283714537,0.477352887539668,0,0.0,1,0.0063548284766963,2020-11-18
2020-11-16,2,0.47692861060874037,0.4770205755482974,0,0.0,1,0.0079289390816001,2020-11-17
2020-11-17,2,0.49443770758778377,0.477352887539668,1,0.2729160963699699,1,0.0152695402189608,2020-11-19
2020-11-18,2,0.46436619335091045,0.477352887539668,0,0.0,1,0.0130516246444238,2020-11-19
2020-11-19,2,0.4762430371658023,0.477352887539668,0,0.0,1,0.0055959371340246,2020-11-23
2020-11-20,2,0.4810279024620777,0.4777037576966911,1,0.2,1,0.0081626009842286,2020-11-26
2020-11-23,2,0.4615297132387773,0.4777037576966911,0,0.0,1,0.0110640203185379,2020-11-27
2020-11-24,2,0.4778457248324005,0.4777037576966911,1,0.2,1,0.0091689975686763,2020-11-26
2020-11-25,2,0.4672493884091519,0.4777037576966911,0,0.0,1,0.0059149678592052,2020-11-26
2020-11-26,2,0.47677275982589234,0.4777037576966911,0,0.0,1,0.0070859257479789,2020-11-27
2020-11-27,2,0.46826062059873774,0.477352887539668,0,0.0,1,0.0069306843340675,2020-12-01
2020-11-30,2,0.4975056504155013,0.477352887539668,1,0.305707746586191,1,0.0081822242386455,2020-12-01
2020-12-01,2,0.4517164789094445,0.4770205755482974,0,0.0,1,0.0117223505848584,2020-12-02
2020-12-02,2,0.5149317954166401,0.477352887539668,1,0.4950027638842902,1,0.0056132353956366,2020-12-08
2020-12-03,2,0.46089627507489117,0.477352887539668,0,0.0,1,0.0076008266183684,2020-12-08
2020-12-04,2,0.4625042799854609,0.477352887539668,0,0.0,1,0.0062872217980745,2020-12-11
2020-12-07,2,0.4687589814207184,0.4770205755482974,0,0.0,1,0.0064481329851733,2020-12-11
2020-12-08,2,0.47730403303332836,0.4772308004879521,1,0.2,0,-0.0076422527404627,2020-12-10
2020-12-09,2,0.4596544194735458,0.4772308004879521,0,0.0,0,-0.0088098591940198,2020-12-10
2020-12-10,2,0.4682895237044517,0.4770205755482974,0,0.0,1,0.0105937573054988,2020-12-11
2020-12-11,2,0.4900503489837283,0.4772308004879521,1,0.5293172028517203,0,0.003790080431014,2020-12-18
2020-12-14,2,0.4578328185306996,0.4772308004879521,0,0.0,0,0.0034994526551235,2020-12-21
2020-12-15,2,0.45396914699327984,0.4770205755482974,0,0.0,1,0.0060721159347216,2020-12-21
2020-12-16,2,0.48662873796996126,0.4772308004879521,1,0.45154878250021874,1,0.0071506096996147,2020-12-22
2020-12-17,2,0.45380378625822976,0.4772308004879521,0,0.0,1,0.0066434054854627,2020-12-21
2020-12-18,2,0.5374718995171286,0.4774261200850442,1,1.0,1,0.006322339744895,2020-12-22
2020-12-21,2,0.43146871491995287,0.4774261200850442,0,0.0,0,-0.0084279344060577,2020-12-24
2020-12-22,2,0.47578984489028553,0.4774261200850442,0,0.0,0,-0.0058560575010104,2020-12-23
2020-12-23,2,0.45279465497581567,0.4774261200850442,0,0.0,0,-0.0060110218384213,2020-12-24
2020-12-24,2,0.4944430177218629,0.47772035825904735,1,0.5720658962024794,1,0.0102939832078652,2020-12-25
2020-12-25,2,0.5101111941437502,0.47772035825904735,1,0.9723448181192984,0,0.0018437077652626,2021-01-01
2020-12-28,2,0.44311717541344486,0.47772035825904735,0,0.0,1,0.0063443584901485,2020-12-29
2020-12-29,2,0.4750736605114021,0.4774261200850442,0,0.0,1,0.0134381031792911,2021-01-04
2020-12-30,2,0.48109852104507755,0.47772035825904735,1,0.2,1,0.0126777693614741,2021-01-04
2020-12-31,2,0.4602898197724692,0.47772035825904735,0,0.0,1,0.0146908236774512,2021-01-04
2021-01-01,2,0.48817120724741014,0.47772035825904735,1,0.3680717420687124,1,0.0146908236774512,2021-01-04
2021-01-04,2,0.12804117602100393,0.4774261200850442,0,0.0,1,0.0070528768738553,2021-01-08
2021-01-05,2,0.29819013284703844,0.4774261200850442,0,0.0,1,0.0097300248029694,2021-01-11
2021-01-06,2,0.46760987314681424,0.47706000845734614,0,0.0,1,0.0105526256517074,2021-01-11
2021-01-07,2,0.4742572470438367,0.47682730759988917,0,0.0,1,0.0085184116126117,2021-01-11
2021-01-08,2,0.48003184298558077,0.47706000845734614,1,0.2,1,0.0056327390343007,2021-01-11
2021-01-11,2,0.46865196416342997,0.47706000845734614,0,0.0,1,0.0176476725955725,2021-01-12
2021-01-12,2,0.4764867770639281,0.47682730759988917,0,0.0,1,0.0064050476520187,2021-01-13
2021-01-13,2,0.48010480840192843,0.47706000845734614,1,0.2,0,-0.0327433305783467,2021-01-19
2021-01-14,2,0.4725839548620236,0.47706000845734614,0,0.0,0,-0.0301082380820879,2021-01-19
2021-01-15,2,0.45991987375885623,0.47706000845734614,0,0.0,0,-0.0285985971105486,2021-01-19
2021-01-18,2,0.4737658334306062,0.47682730759988917,0,0.0,0,-0.0319843596545196,2021-01-19
2021-01-19,2,0.4761049593174425,0.47682730759988917,0,0.0,1,0.0192995944075149,2021-01-21
2021-01-20,2,0.5023400072720418,0.47682730759988917,1,0.31689805988686,1,0.0164639029599191,2021-01-21
2021-01-21,2,0.4268337345956916,0.47682730759988917,0,0.0,1,0.0157465233389,2021-01-25
2021-01-22,2,0.45604185328141406,0.47682730759988917,0,0.0,0,-0.0203676364431401,2021-01-27
2021-01-25,2,0.4664640076968435,0.47682730759988917,0,0.0,0,-0.0142236093752003,2021-01-26
2021-01-26,2,0.47655425418802483,0.47663073116127846,0,0.0,0,-0.0142264188166096,2021-01-27
2021-01-27,2,0.48907573708939145,0.47682730759988917,1,0.2,0,-0.061612475382219,2021-01-28
2021-01-28,2,0.4645732336605631,0.47682730759988917,0,0.0,1,0.0210369750686079,2021-01-29
2021-01-29,2,0.47887350349299596,0.47682730759988917,1,0.2,1,0.0213678435428725,2021-02-03
2021-02-01,2,0.4682422369326752,0.47682730759988917,0,0.0,1,0.0302475326187956,2021-02-03
2021-02-02,2,0.42799261951269263,0.47663073116127846,0,0.0,1,0.0229277930734663,2021-02-05
2021-02-03,2,0.47652963957146643,0.47653825468726185,0,0.0,0,-0.0067852204876143,2021-02-10
2021-02-04,2,0.4695068540634153,0.47653825468726185,0,0.0,0,-0.0105792595680654,2021-02-11
2021-02-05,2,0.47010038318868896,0.47653825468726185,0,0.0,0,-0.0182004486753104,2021-02-12
2021-02-08,2,0.46712588052219906,0.47650177894156653,0,0.0,0,0.0,2021-02-15
2021-02-09,2,0.4989240686698721,0.47650177894156653,1,0.2907237298415918,0,0.0,2021-02-16
2021-02-10,2,0.4445064399840715,0.47650177894156653,0,0.0,1,0.0385468316573083,2021-02-17
2021-02-11,2,0.4718322477857277,0.47650177894156653,0,0.0,1,0.0385468316573083,2021-02-17
2021-02-12,2,0.4724082809518754,0.47623859552871245,0,0.0,1,0.0385468316573083,2021-02-17
2021-02-15,2,0.47301539628098965,0.47623859552871245,0,0.0,1,0.0385468316573083,2021-02-17
2021-02-16,2,0.47355442170530676,0.4759001349397905,0,0.0,1,0.0385468316573083,2021-02-17
2021-02-17,2,0.2956634562861465,0.4759001349397905,0,0.0,1,0.0152052270705609,2021-02-18
2021-02-18,2,0.33536516553285267,0.4753243250440113,0,0.0,0,-0.0021714032759251,2021-02-25
2021-02-19,2,0.4732024486841919,0.4753243250440113,0,0.0,0,0.0023141311807359,2021-02-26
2021-02-22,2,0.4683900001606457,0.4745429917574846,0,0.0,0,0.0124104615876574,2021-03-01
2021-02-23,2,0.47385083974784586,0.4745429917574846,0,0.0,1,0.0159495940316181,2021-03-01
2021-02-24,2,0.4759581553946601,0.4745429917574846,1,0.2,1,0.0203690499485904,2021-03-01
2021-02-25,2,0.4698555690931373,0.4745429917574846,0,0.0,1,0.0142407360845735,2021-03-02
2021-02-26,2,0.47558520304582275,0.4752527003984493,1,0.2,0,-0.0054107095530742,2021-03-05
2021-03-01,2,0.48314073946347263,0.47565682769138473,1,0.2,0,-0.0130463681979046,2021-03-04
2021-03-02,2,0.4739188341518956,0.4752527003984493,0,0.0,0,-0.0137355346367359,2021-03-04
2021-03-03,2,0.47340269594564777,0.4752527003984493,0,0.0,0,-0.0156480455654953,2021-03-04
2021-03-04,2,0.4696707926655168,0.4752527003984493,0,0.0,1,0.0128404716334564,2021-03-11
2021-03-05,2,0.4890711381622447,0.4752527003984493,1,0.21511430141176688,1,0.0133307845027139,2021-03-11
2021-03-08,2,0.4578730420127204,0.4752527003984493,0,0.0,1,0.0128993259322507,2021-03-11
2021-03-09,2,0.47343638975970054,0.4752527003984493,0,0.0,1,0.0165106376447503,2021-03-11
2021-03-10,2,0.46926955849169855,0.4745429917574846,0,0.0,1,0.0125851082291175,2021-03-11
2021-03-11,2,0.4665850723056018,0.4745429917574846,0,0.0,0,0.0080142075001412,2021-03-18
2021-03-12,2,0.47741208835946897,0.4745429917574846,1,0.2,0,0.0037399481145807,2021-03-19
2021-03-15,2,0.46536794807964726,0.4745429917574846,0,0.0,0,-0.0042710472110808,2021-03-22
2021-03-16,2,0.4734257176638665,0.474037278664075,0,0.0,0,-0.0102694887660577,2021-03-23
2021-03-17,2,0.4841034260375902,0.4745429917574846,1,0.2,0,-0.0092367091290387,2021-03-23
2021-03-18,2,0.45598110569885436,0.474037278664075,0,0.0,0,-0.0092380532743483,2021-03-23
2021-03-19,2,0.4853158346072987,0.474037278664075,1,0.2,0,-0.0167237815434432,2021-03-24
2021-03-22,2,0.46863325428593977,0.474037278664075,0,0.0,0,-0.0140916694212045,2021-03-24
2021-03-23,2,0.47612329904272294,0.474037278664075,1,0.2,0,-0.0098117376536922,2021-03-24
2021-03-24,2,0.4849490346894272,0.474037278664075,1,0.2,1,0.0121733923621325,2021-03-29
2021-03-25,2,0.4911026690974507,0.4747220316445318,1,0.2376238742091881,1,0.0100887218103389,2021-03-29
2021-03-26,2,0.45489190636070814,0.474037278664075,0,0.0,1,0.0142756013344114,2021-03-29
2021-03-29,2,0.49853203400344775,0.4747220316445318,1,0.41756845508090246,1,0.0134955220518284,2021-03-31
2021-03-30,2,0.4434056585394459,0.4747220316445318,0,0.0,1,0.0109070447643715,2021-04-01
2021-03-31,2,0.47237619122165875,0.4747220316445318,0,0.0,0,0.0012717130576358,2021-04-07
2021-04-01,2,0.4856380183627463,0.4757157363679158,1,0.2535906214937659,0,-0.0071514360247967,2021-04-08
2021-04-02,2,0.4626749620302016,0.4745020632647701,0,0.0,0,-0.0073634359541346,2021-04-06
2021-04-05,2,0.45786783788246477,0.4745020632647701,0,0.0,0,0.0051187587679679,2021-04-12
2021-04-06,2,0.5006788030669658,0.4745020632647701,1,0.5047799238918413,1,0.0075775148738663,2021-04-12
2021-04-07,2,0.4562128958569583,0.47387463778926325,0,0.0,0,-0.0082505677108579,2021-04-14
2021-04-08,2,0.4741240666064057,0.47399066551097413,1,0.2,1,0.0082157377872038,2021-04-12
2021-04-09,2,0.4690223585676035,0.47399066551097413,0,0.0,0,-0.0060064297429219,2021-04-14
2021-04-12,2,0.4680914909714703,0.47399066551097413,0,0.0,0,-0.0084105173019585,2021-04-13
2021-04-13,2,0.4878354181528122,0.47399066551097413,1,0.29039524783006654,0,-0.0071774525051689,2021-04-15
2021-04-14,2,0.47171130002150763,0.47387463778926325,0,0.0,0,-0.012939320523756,2021-04-16
2021-04-15,2,0.47333910583075683,0.47387463778926325,0,0.0,0,-0.0086528618516,2021-04-16
2021-04-16,2,0.48177278390084105,0.47399066551097413,1,0.2,1,0.0078263988811455,2021-04-19
2021-04-19,2,0.48566646380140877,0.47463546436020165,1,0.24311123286943015,0,-0.0141166670069021,2021-04-22
2021-04-20,2,0.4658904445942637,0.47399066551097413,0,0.0,0,-0.0156362086709774,2021-04-22
2021-04-21,2,0.4673974904935204,0.47387463778926325,0,0.0,0,-0.0156362086709774,2021-04-22
2021-04-22,2,0.08355746625012121,0.47387463778926325,0,0.0,0,-0.0063248229855134,2021-04-26
2021-04-23,2,0.4489246667258061,0.47365816802019545,0,0.0,0,-0.0094940805696874,2021-04-26
2021-04-26,2,0.4614570080358118,0.47365816802019545,0,0.0,0,-8.009460289448711e-07,2021-05-03
2021-04-27,2,0.47493767989507263,0.47387463778926325,1,0.2,0,-0.0117991966097475,2021-05-04
2021-04-28,2,0.45575053704113355,0.47365816802019545,0,0.0,0,-0.0164222235182606,2021-05-04
2021-04-29,2,0.4702304417315295,0.47365816802019545,0,0.0,0,-0.0130947196183566,2021-05-04
2021-04-30,2,0.4750147465747438,0.47387463778926325,1,0.2,0,-0.0130947196183566,2021-05-04
2021-05-03,2,0.4417171278459576,0.47387463778926325,0,0.0,0,-0.0130947196183566,2021-05-04
2021-05-04,2,0.2452055020874395,0.47365816802019545,0,0.0,0,-0.0097024639259325,2021-05-07
2021-05-05,2,0.45014048876520035,0.47365816802019545,0,0.0,0,-0.0103062759263309,2021-05-07
2021-05-06,2,0.4619829750635574,0.47365816802019545,0,0.0,0,-0.0101344471358225,2021-05-07
2021-05-07,2,0.4718099731394836,0.47365816802019545,0,0.0,0,0.0036836018603567,2021-05-14
2021-05-10,2,0.47000260451847625,0.47365816802019545,0,0.0,1,0.006280538277201,2021-05-13
2021-05-11,2,0.4745048071253353,0.47387463778926325,1,0.2,1,0.0067895861615747,2021-05-14
2021-05-12,2,0.47600213178000644,0.47399066551097413,1,0.2,0,-0.0021458332783198,2021-05-19
2021-05-13,2,0.4631898204659312,0.47399066551097413,0,0.0,0,-0.0036279529239999,2021-05-20
2021-05-14,2,0.47746088929215186,0.4742573257880311,1,0.2,0,-0.0060091591413304,2021-05-19
2021-05-17,2,0.4719789305507916,0.4742573257880311,0,0.0,1,0.0102047200163728,2021-05-24
2021-05-18,2,0.4693241798180824,0.4742573257880311,0,0.0,1,0.0125113903013571,2021-05-24
2021-05-19,2,0.4755098654595464,0.4742573257880311,1,0.2,1,0.0064904351527752,2021-05-21
2021-05-20,2,0.4751259570558818,0.4746563125947434,1,0.2,1,0.005608861863898,2021-05-21
2021-05-21,2,0.47835819908640737,0.4746563125947434,1,0.2,1,0.0083083849868759,2021-05-24
2021-05-24,2,0.4882620894600611,0.4746563125947434,1,0.2,1,0.0137067232960963,2021-05-26
2021-05-25,2,0.4592602718256202,0.4746563125947434,0,0.0,1,0.0096929586641103,2021-05-26
2021-05-26,2,0.46566554556161716,0.4746563125947434,0,0.0,0,-0.0069409118738934,2021-05-27
2021-05-27,2,0.48336495905331056,0.47496465323295756,1,0.2,0,-0.0101646254399476,2021-05-31
2021-05-28,2,0.4632427027577149,0.4746563125947434,0,0.0,0,-0.0121802281492783,2021-05-31
2021-05-31,2,0.46466044605025253,0.4746563125947434,0,0.0,1,0.0106422923255595,2021-06-03
2021-06-01,2,0.4969808096755474,0.47496465323295756,1,0.26068089708257397,1,0.0132130742720624,2021-06-03
2021-06-02,2,0.45356057889655804,0.47496465323295756,0,0.0,1,0.0077332089958404,2021-06-03
2021-06-03,2,0.4704846662658988,0.47496465323295756,0,0.0,1,0.0073069219597654,2021-06-10
2021-06-04,2,0.48698650222953005,0.47496465323295756,1,0.2,1,0.0161599835951249,2021-06-11
2021-06-07,2,0.46585145506664705,0.47496465323295756,0,0.0,1,0.0157582047259836,2021-06-11
2021-06-08,2,0.4941882161333485,0.4750536702431421,1,0.23126098745324858,1,0.0157582047259836,2021-06-11
2021-06-09,2,0.10137033114254959,0.47496465323295756,0,0.0,1,0.0149172435054261,2021-06-11
2021-06-10,2,0.29434828145495234,0.47496465323295756,0,0.0,1,0.0107206501931551,2021-06-11
2021-06-11,2,0.4668936749241362,0.4746563125947434,0,0.0,1,0.0079029259126675,2021-06-14
2021-06-14,2,0.47292274121907424,0.4746563125947434,0,0.0,1,0.0075154905623617,2021-06-15
2021-06-15,2,0.4638215044677919,0.4742573257880311,0,0.0,1,0.0057616555283317,2021-06-17
2021-06-16,2,0.48460572267367036,0.4742573257880311,1,0.2,1,0.0057722389901577,2021-06-17
2021-06-17,2,0.47022368183585733,0.47361384210223395,0,0.0,1,0.0131449867839772,2021-06-18
2021-06-18,2,0.48961553020200765,0.4742573257880311,1,0.2,0,-0.005939460453967,2021-06-23
2021-06-21,2,0.4648344193061252,0.47361384210223395,0,0.0,0,-0.0080997442067007,2021-06-23
2021-06-22,2,0.4682342455189683,0.47361384210223395,0,0.0,0,-0.0055976543004606,2021-06-24
2021-06-23,2,0.47617290321261907,0.4742573257880311,1,0.2,0,0.004504404374541,2021-06-30
2021-06-24,2,0.4659244385834834,0.47361384210223395,0,0.0,1,0.0054992183412827,2021-06-30
2021-06-25,2,0.4752137969745684,0.4742573257880311,1,0.2,1,0.009845534447042,2021-07-02
2021-06-28,2,0.4821682924579415,0.4746563125947434,1,0.2,1,0.0091239451402296,2021-07-02
2021-06-29,2,0.46078122883693995,0.4742573257880311,0,0.0,1,0.009969778344834,2021-07-02
2021-06-30,2,0.47789115317973996,0.4746563125947434,1,0.2,1,0.0066213535355237,2021-07-02
2021-07-01,2,0.4736144993688899,0.4746563125947434,0,0.0,1,0.0065804533601798,2021-07-02
2021-07-02,2,0.47703806272707566,0.47496465323295756,1,0.2,0,-0.0201542373275026,2021-07-09
2021-07-05,2,0.48642714164605566,0.4750536702431421,1,0.2,0,-0.0201542373275026,2021-07-09
2021-07-06,2,0.44049533826797593,0.47496465323295756,0,0.0,0,-0.0201542373275026,2021-07-09
2021-07-07,2,0.460982318925929,0.47496465323295756,0,0.0,0,-0.0201542373275026,2021-07-09
2021-07-08,2,0.46971752496262603,0.47496465323295756,0,0.0,0,-0.0201542373275026,2021-07-09
2021-07-09,2,0.26153090066539,0.4746563125947434,0,0.0,0,-0.0185507951376555,2021-07-13
2021-07-12,2,0.35616244866788865,0.4739261070836458,0,0.0,0,-0.0185507951376555,2021-07-13
2021-07-13,2,0.12067033169728993,0.4739261070836458,0,0.0,0,-0.0161682598722242,2021-07-19
2021-07-14,2,0.3827824727476346,0.4739261070836458,0,0.0,0,-0.0156517013781539,2021-07-19
2021-07-15,2,0.44387404124498503,0.4739261070836458,0,0.0,0,-0.0164859639252433,2021-07-19
2021-07-16,2,0.5138064944883474,0.4746563125947434,1,0.3924553995037947,0,-0.0164859639252433,2021-07-19
2021-07-19,2,0.13957296368009503,0.4746563125947434,0,0.0,1,0.0109599083990972,2021-07-20
2021-07-20,2,0.5401477061697486,0.4746832859326283,1,0.5244277363408202,1,0.0099927518464513,2021-07-22
2021-07-21,2,0.46544856257255984,0.4746832859326283,0,0.0,1,0.0136247213113784,2021-07-26
2021-07-22,2,0.4620364261304685,0.4746832859326283,0,0.0,0,0.0061758960176012,2021-07-29
2021-07-23,2,0.4748143063006057,0.47461313183667997,1,0.2,1,0.0110416776559687,2021-07-26
2021-07-26,2,0.4773670233286905,0.4749233840649523,1,0.2,1,0.0170429483056542,2021-08-02
2021-07-27,2,0.4676571011949433,0.4749233840649523,0,0.0,1,0.0178297759131522,2021-08-02
2021-07-28,2,0.46377013304233583,0.4749233840649523,0,0.0,1,0.0085028255107995,2021-07-30
2021-07-29,2,0.4691915476061098,0.4749233840649523,0,0.0,1,0.0163029193417878,2021-08-02
2021-07-30,2,0.47261032241213397,0.4749233840649523,0,0.0,1,0.0099784231334745,2021-08-02
2021-08-02,2,0.4741826350447353,0.4749233840649523,0,0.0,1,0.0100596777546482,2021-08-04
2021-08-03,2,0.4743438931319977,0.4749233840649523,0,0.0,1,0.015081447695352,2021-08-09
2021-08-04,2,0.46259274674950607,0.47450853774101054,0,0.0,1,0.0116981682314998,2021-08-09
2021-08-05,2,0.2222567296922127,0.47450853774101054,0,0.0,1,0.0158230556683969,2021-08-09
2021-08-06,2,0.3356575840457463,0.47423907537527715,0,0.0,1,0.0141011358359985,2021-08-09
2021-08-09,2,0.47713465052610693,0.47450853774101054,1,0.2,1,0.0174693833042902,2021-08-11
2021-08-10,2,0.4824498387597806,0.4749233840649523,1,0.2,1,0.0174693833042902,2021-08-11
2021-08-11,2,0.1307409116293056,0.47450853774101054,0,0.0,0,-0.0070896694778038,2021-08-12
2021-08-12,2,0.4233616014454818,0.47423907537527715,0,0.0,1,0.0073582174007265,2021-08-13
2021-08-13,2,0.47588992525490575,0.47423907537527715,1,0.2,0,-0.0170464908861726,2021-08-20
2021-08-16,2,0.4664419887789609,0.4738133468554358,0,0.0,0,-0.0089870829253014,2021-08-18
2021-08-17,2,0.461950686160356,0.4738133468554358,0,0.0,0,-0.0089062718617842,2021-08-18
2021-08-18,2,0.44614581734412806,0.4738133468554358,0,0.0,1,0.0075833806660567,2021-08-19
2021-08-19,2,0.5160702771943512,0.4738133468554358,1,0.37948811965406126,0,-0.0196198969369819,2021-08-20
2021-08-20,2,0.4686651721781866,0.4738133468554358,0,0.0,0,-0.01396761713214,2021-08-23
2021-08-23,2,0.4840513308491494,0.47423907537527715,1,0.2048549628055921,1,0.0119624488577487,2021-08-25
2021-08-24,2,0.460019394788593,0.4738133468554358,0,0.0,1,0.0106313679612006,2021-08-25
2021-08-25,2,0.4677856880038854,0.4738133468554358,0,0.0,1,0.0096443418287666,2021-08-26
2021-08-26,3,0.5396401006055591,0.5401034831424683,0,0.0,1,0.01067292284081,2021-08-27
2021-08-27,3,0.5398032411633389,0.5401034831424683,0,0.0,1,0.0108959571542939,2021-08-30
2021-08-30,3,0.5395691670720468,0.5400540721294506,0,0.0,1,0.0184149631358003,2021-09-01
2021-08-31,3,0.5404202149439964,0.5401034831424683,1,0.2,1,0.0100350280007111,2021-09-01
2021-09-01,3,0.5408944617437358,0.5402025131882048,1,0.2,0,-0.0095499324561068,2021-09-07
2021-09-02,3,0.5401835755772246,0.5402025131882048,0,0.0,0,-0.0095499324561068,2021-09-07
2021-09-03,3,0.5371355289862173,0.5402025131882048,0,0.0,0,-0.0095499324561068,2021-09-07
2021-09-06,3,0.485515374532998,0.5402025131882048,0,0.0,0,-0.0146416940804338,2021-09-07
2021-09-07,3,0.5398885586637803,0.5402025131882048,0,0.0,1,0.0260148764201999,2021-09-13
2021-09-08,3,0.5407620353196692,0.5402037831585303,1,0.2,1,0.0260148764201999,2021-09-13
2021-09-09,3,0.35876713941999344,0.5402037831585303,0,0.0,1,0.0087895835000599,2021-09-10
2021-09-10,3,0.5394141582685559,0.5402037831585303,0,0.0,1,0.018402147062889,2021-09-13
2021-09-13,3,0.5399497770979754,0.5402037831585303,0,0.0,1,0.0084793090749524,2021-09-15
2021-09-14,3,0.5411134118345303,0.5402263890317616,1,0.2,0,0.0018780543838443,2021-09-21
2021-09-15,3,0.5399722836910562,0.5402263890317616,0,0.0,0,-0.001574928503838,2021-09-22
2021-09-16,3,0.5335406175454684,0.5402037831585303,0,0.0,1,0.0089285451532372,2021-09-17
2021-09-17,3,0.5398128669058261,0.5402037831585303,0,0.0,0,-0.001906093405731,2021-09-24
2021-09-20,3,0.5388469142291383,0.5402037831585303,0,0.0,1,0.0096130117956676,2021-09-23
2021-09-21,3,0.5392046919146117,0.5402037831585303,0,0.0,1,0.0099266139178559,2021-09-23
2021-09-22,3,0.5369310458277496,0.5402037831585303,0,0.0,1,0.0099266139178559,2021-09-23
2021-09-23,3,0.4833921571206185,0.540186513231321,0,0.0,0,-0.0083541218623512,2021-09-24
2021-09-24,3,0.5354586668449747,0.540186513231321,0,0.0,0,-0.0135975068820811,2021-09-27
2021-09-27,3,0.548326054990569,0.5402037831585303,1,0.22377049649630165,1,0.0110722339317663,2021-09-30
2021-09-28,3,0.5410656328177597,0.5402263890317616,1,0.2,1,0.0125101077236562,2021-10-04
2021-09-29,3,0.5402773402497975,0.5402318284106592,1,0.2,1,0.0116557851408847,2021-10-04
2021-09-30,3,0.5398979759005734,0.5402318284106592,0,0.0,1,0.0096733507460322,2021-10-05
2021-10-01,3,0.5395450519999916,0.5402318284106592,0,0.0,1,0.0086147826588103,2021-10-05
2021-10-04,3,0.5396368654622187,0.5402318284106592,0,0.0,1,0.0130951166069328,2021-10-07
2021-10-05,3,0.4946276783312704,0.5402263890317616,0,0.0,1,0.010055683755713,2021-10-07
2021-10-06,3,0.5134200974497287,0.5402263890317616,0,0.0,1,0.010055683755713,2021-10-07
2021-10-07,3,0.49599578138029343,0.5402263890317616,0,0.0,1,0.0120978683915489,2021-10-12
2021-10-08,3,0.5398835364223125,0.5402037831585303,0,0.0,1,0.0130760076412506,2021-10-12
2021-10-11,3,0.5375181023722951,0.5402037831585303,0,0.0,1,0.0130760076412506,2021-10-12
2021-10-12,3,0.5024133717859416,0.540186513231321,0,0.0,1,0.0082225329916585,2021-10-15
2021-10-13,3,0.5412317363157199,0.5402037831585303,1,0.2,1,0.0113674329333623,2021-10-15
2021-10-14,3,0.5422286798461412,0.5402037831585303,1,0.2,1,0.0113674329333623,2021-10-15
2021-10-15,3,0.5163827783296635,0.5402037831585303,0,0.0,0,-0.0076997419405909,2021-10-20
2021-10-18,3,0.539893579871379,0.540186513231321,0,0.0,0,-0.0076997419405909,2021-10-20
2021-10-19,3,0.5107575290000607,0.5400462358512151,0,0.0,0,0.0017255895952799,2021-10-26
2021-10-20,3,0.5403073088538695,0.540186513231321,1,0.2,1,0.0070262122242124,2021-10-22
2021-10-21,3,0.5401327271863287,0.540186513231321,0,0.0,1,0.0074954740991641,2021-10-27
2021-10-22,3,0.5411041912845219,0.540186513231321,1,0.2,1,0.0206182456826724,2021-10-28
2021-10-25,3,0.9999999984760128,0.5402037831585303,1,1.0,1,0.0206182456826724,2021-10-28
2021-10-26,3,0.09940346115120081,0.540186513231321,0,0.0,1,0.0200147378532737,2021-10-28
2021-10-27,3,0.5385615132333897,0.5401505241231422,0,0.0,1,0.0183980771558689,2021-10-28
2021-10-28,3,0.5384618478492521,0.5400284389144016,0,0.0,1,0.0100609211738245,2021-11-02
2021-10-29,3,0.5406022028948999,0.5400284389144016,1,0.2,1,0.0126768538156987,2021-11-02
2021-11-01,3,0.5409057671083135,0.5400284389144016,1,0.2,1,0.0126768538156987,2021-11-02
2021-11-02,3,0.07615160720703203,0.5400284389144016,0,0.0,0,-0.0101367365674468,2021-11-03
2021-11-03,3,0.5402405117408454,0.5401505241231422,1,0.2,1,0.0073227920822747,2021-11-04
2021-11-04,3,0.5406113700937687,0.540186513231321,1,0.2,1,0.0149967963979404,2021-11-05
2021-11-05,3,0.540801965994033,0.5402089588778137,1,0.2,1,0.0098935453115254,2021-11-08
2021-11-08,3,0.5409364792108072,0.5402089588778137,1,0.2,0,-0.0076808790366645,2021-11-15
2021-11-09,3,0.5399467861075915,0.5402089588778137,0,0.0,0,-0.0056762108593664,2021-11-16
2021-11-10,3,0.5406598570992913,0.5402534017189786,1,0.2,0,0.0013166928831636,2021-11-17
2021-11-11,3,0.5398031752585406,0.540203503234492,0,0.0,1,0.0080461735236241,2021-11-17
2021-11-12,3,0.540580429798836,0.540203503234492,1,0.2,0,-0.006721501403355,2021-11-19
2021-11-15,3,0.5405347069927373,0.5402534017189786,1,0.2,1,0.0080984092517293,2021-11-17
2021-11-16,3,0.5462426911272136,0.5402878292612227,1,0.2,0,-0.0076604738777276,2021-11-19
2021-11-17,3,0.5400024587984591,0.5402534017189786,0,0.0,0,-0.0134126688756448,2021-11-19
2021-11-18,3,0.5396254233068384,0.5402534017189786,0,0.0,0,-0.0118951751402317,2021-11-19
2021-11-19,3,0.5394166183710191,0.5402534017189786,0,0.0,0,-0.0134838280820595,2021-11-22
2021-11-22,3,0.5445690163747842,0.5402878292612227,1,0.2,1,0.0132848037791091,2021-11-23
2021-11-23,3,0.541256021357371,0.5402878292612227,1,0.2,1,0.009625741109263,2021-11-24
2021-11-24,3,0.5416067616567759,0.5402878292612227,1,0.2,0,-0.0165295966339561,2021-11-26
2021-11-25,3,0.5417321975219183,0.5403868982024732,1,0.2,0,-0.0153740906915483,2021-11-26
2021-11-26,3,0.540154914385478,0.5403868982024732,0,0.0,0,-0.016659699699621,2021-12-03
2021-11-29,3,0.5396418596900443,0.5403868982024732,0,0.0,0,-0.0164138666291876,2021-12-03
2021-11-30,3,0.5416150506807926,0.5405507099748719,1,0.2,0,-0.0189904407517247,2021-12-03
2021-12-01,3,0.541059344397119,0.5405507099748719,1,0.2,0,-0.0174617345809884,2021-12-03
2021-12-02,3,0.575199242756327,0.5405880503824584,1,0.2,0,-0.0161803388208922,2021-12-03
2021-12-03,3,0.5379779559234821,0.5405880503824584,0,0.0,0,-0.0257728647366183,2021-12-06
2021-12-06,3,0.5392311450593332,0.5405880503824584,0,0.0,1,0.017523972047831,2021-12-07
2021-12-07,3,0.5416019265343585,0.5405880503824584,1,0.2,1,0.0118229746929889,2021-12-13
2021-12-08,3,0.5410717162812344,0.540605411414504,1,0.2,0,0.0096893862673472,2021-12-15
2021-12-09,3,0.5369533407037608,0.540605411414504,0,0.0,0,0.0003392769759948,2021-12-16
2021-12-10,3,0.5390531310583742,0.540605411414504,0,0.0,0,-0.0013312080395291,2021-12-17
2021-12-13,3,0.540392412189366,0.540605411414504,0,0.0,0,-0.0102280277940118,2021-12-20
2021-12-14,3,0.5409471868881566,0.5406283405457016,1,0.2,0,-0.0146743320855325,2021-12-21
2021-12-15,3,0.5378862108951052,0.5406283405457016,0,0.0,0,-0.0099460884607944,2021-12-20
2021-12-16,3,0.5378068166751485,0.5406283405457016,0,0.0,0,-0.012701837105643,2021-12-21
2021-12-17,3,0.5387507619781005,0.5406283405457016,0,0.0,0,-0.0122749514245649,2021-12-21
2021-12-20,3,0.5394459523260855,0.540605411414504,0,0.0,0,-0.0081769380372892,2021-12-22
2021-12-21,3,0.5357682088180449,0.5405880503824584,0,0.0,0,-0.0105900949345509,2021-12-23
2021-12-22,3,0.5391502296843209,0.5405880503824584,0,0.0,0,0.0022253929149016,2021-12-29
2021-12-23,3,0.5415265665378662,0.540605411414504,1,0.2,1,0.0088803824127776,2021-12-27
2021-12-24,3,0.540934515364948,0.5406283405457016,1,0.2,1,0.0095221748052063,2021-12-30
2021-12-27,3,0.5393568443185367,0.5406283405457016,0,0.0,0,0.0055194062085568,2022-01-03
2021-12-28,3,0.5396714201782824,0.5406283405457016,0,0.0,1,0.0093332864581274,2022-01-04
2021-12-29,3,0.539703115030875,0.5406283405457016,0,0.0,1,0.0114810516427346,2022-01-04
2021-12-30,3,0.5397759519968656,0.5406283405457016,0,0.0,1,0.0068810699149974,2022-01-04
2021-12-31,3,0.5385803372783289,0.5406283405457016,0,0.0,1,0.0066691251802362,2022-01-04
2022-01-03,3,0.5409308341636523,0.5407095952124509,1,0.2,1,0.0066691251802362,2022-01-04
2022-01-04,3,0.46311059312221514,0.5407095952124509,0,0.0,0,-0.0072621704994438,2022-01-07
2022-01-05,3,0.540251258995159,0.5406283405457016,0,0.0,0,-0.0069425071421025,2022-01-06
2022-01-06,3,0.5391502334183783,0.540605411414504,0,0.0,0,-0.0131265027461974,2022-01-10
2022-01-07,3,0.5390916595424234,0.540605411414504,0,0.0,0,-0.011152000873461,2022-01-10
2022-01-10,3,0.5414053234038503,0.5406283405457016,1,0.2,0,-0.0088763637760288,2022-01-14
2022-01-11,3,0.5418216538529989,0.5407095952124509,1,0.2,0,-0.027177649998349,2022-01-17
2022-01-12,3,0.5403142764221973,0.5407095952124509,0,0.0,0,-0.027198852099896,2022-01-17
2022-01-13,3,0.5409915324276894,0.5408382963840311,1,0.2,0,-0.0274716745616923,2022-01-17
2022-01-14,3,0.5398726163123768,0.5407095952124509,0,0.0,0,-0.0233327277666107,2022-01-17
2022-01-17,3,0.5394657527588275,0.5406283405457016,0,0.0,1,0.0062136069958176,2022-01-19
2022-01-18,3,0.5337621916802932,0.5406283405457016,0,0.0,1,0.0089548752205943,2022-01-19
2022-01-19,3,0.5403112297163043,0.5406283405457016,0,0.0,1,0.009999409248306,2022-01-20
2022-01-20,3,0.5395542554035897,0.5406283405457016,0,0.0,0,-0.0190530287879221,2022-01-24
2022-01-21,3,0.5405632498543133,0.5406283405457016,0,0.0,0,-0.01240235547724,2022-01-24
2022-01-24,3,0.5395951845033883,0.5405912589020625,0,0.0,1,0.0150809495453732,2022-01-28
2022-01-25,3,0.5398993573559558,0.5405912589020625,0,0.0,1,0.0131173922993648,2022-01-28
2022-01-26,3,0.5405202517968427,0.5405912589020625,0,0.0,1,0.0114008697700069,2022-01-28
2022-01-27,3,0.5409949567697925,0.5406082293539953,1,0.2,1,0.0126987682336487,2022-01-28
2022-01-28,3,0.5472858641831463,0.5406082293539953,1,0.3088353900036825,0,0.0,2022-02-04
2022-01-31,3,0.5395268342955017,0.5405692628348963,0,0.0,1,0.017982545801261,2022-02-07
2022-02-01,3,0.5369812791730688,0.5405692628348963,0,0.0,1,0.017982545801261,2022-02-07
2022-02-02,3,0.5255166767049184,0.5405446969942889,0,0.0,1,0.017982545801261,2022-02-07
2022-02-03,3,0.5341294643627641,0.5405446969942889,0,0.0,1,0.017982545801261,2022-02-07
2022-02-04,3,0.5377728737254325,0.5405253111154058,0,0.0,1,0.017982545801261,2022-02-07
2022-02-07,3,0.9946426222820846,0.5405353011169574,1,1.0,1,0.0105757829069754,2022-02-08
2022-02-08,3,0.537882041173941,0.5404371560519828,0,0.0,1,0.0168070247443814,2022-02-14
2022-02-09,3,0.5408029433627406,0.5405353011169574,1,0.2,1,0.0146949602233792,2022-02-14
2022-02-10,3,0.5394362503697687,0.5405353011169574,0,0.0,1,0.0153916811813823,2022-02-14
2022-02-11,3,0.5404690200100113,0.5405353011169574,0,0.0,1,0.0096433187798936,2022-02-14
2022-02-14,3,0.5398025650219141,0.5404869511354022,0,0.0,1,0.0125558136208405,2022-02-17
2022-02-15,3,0.5413748240308852,0.5404869511354022,1,0.2,1,0.0125558136208405,2022-02-17
2022-02-16,3,0.5000435977971809,0.5404192249265918,0,0.0,1,0.0096207394095337,2022-02-17
2022-02-17,3,0.5398526278060585,0.5403416239407064,0,0.0,1,0.0098184261262279,2022-02-21
2022-02-18,3,0.5399788359475272,0.5403416239407064,0,0.0,1,0.0099526645640606,2022-02-23
2022-02-21,3,0.5400980237142633,0.5403416239407064,0,0.0,1,0.0059408091884611,2022-02-25
2022-02-22,3,0.539995216702372,0.5403122960633668,0,0.0,1,0.0066634111682228,2022-02-23
2022-02-23,3,0.5410639878691812,0.5403122960633668,1,0.2,0,-0.0068837326321599,2022-02-24
2022-02-24,3,0.5399099339146682,0.5402722487475599,0,0.0,1,0.0075922515458355,2022-02-25
2022-02-25,3,0.5413397383373213,0.5403122960633668,1,0.2,1,0.0127273593736412,2022-03-03
2022-02-28,3,0.5403081855384567,0.5403122960633668,0,0.0,1,0.0087748354823344,2022-03-03
2022-03-01,3,0.5403754513162038,0.5403122960633668,1,0.2,1,0.0097099209171347,2022-03-03
2022-03-02,3,0.5382435368891181,0.5403092510007034,0,0.0,1,0.0127308239220158,2022-03-03
2022-03-03,3,0.5412949088638127,0.5403122960633668,1,0.2,0,-0.0097416649705597,2022-03-07
2022-03-04,3,0.5392676560192999,0.5403122960633668,0,0.0,0,-0.0167717024544036,2022-03-08
2022-03-07,3,0.5402989325046551,0.5403092510007034,0,0.0,0,-0.012335277500814,2022-03-08
2022-03-08,3,0.5436470957005648,0.5403092510007034,1,0.2,1,0.0077448514498645,2022-03-09
2022-03-09,3,0.5412050164401645,0.5403122960633668,1,0.2,1,0.0074167226027557,2022-03-10
2022-03-10,3,0.5408746437218688,0.5403356876350995,1,0.2,0,-0.0165504300440381,2022-03-14
2022-03-11,3,0.5403430974622474,0.5403544213111321,0,0.0,0,-0.0132303507521578,2022-03-14
2022-03-14,3,0.5396764723536093,0.5403544213111321,0,0.0,1,0.0094630769151302,2022-03-21
2022-03-15,3,0.5405203651380597,0.5404082003590365,1,0.2,1,0.0088495646138293,2022-03-16
2022-03-16,3,0.5402837411182063,0.5404082003590365,0,0.0,1,0.0093476366474503,2022-03-22
2022-03-17,3,0.5389281279069253,0.5403544213111321,0,0.0,1,0.0107639463590307,2022-03-22
2022-03-18,3,0.5369898432003446,0.5403243637862148,0,0.0,1,0.0077365411463998,2022-03-21
2022-03-21,3,0.5380665803878417,0.5403243637862148,0,0.0,1,0.0164433298712693,2022-03-23
2022-03-22,3,0.5387839023869317,0.5403243637862148,0,0.0,1,0.0115415968193612,2022-03-23
2022-03-23,3,0.5388788811840438,0.5403243637862148,0,0.0,1,0.0062589506910006,2022-03-25
2022-03-24,3,0.5391228064173104,0.5403243637862148,0,0.0,1,0.0152432862622078,2022-03-28
2022-03-25,3,0.5417364612756539,0.5403544213111321,1,0.2,1,0.010350932031869,2022-03-28
2022-03-28,3,0.5387968968180512,0.5403243637862148,0,0.0,1,0.0066785865380649,2022-03-29
2022-03-29,3,0.5401626135678588,0.5403243637862148,0,0.0,1,0.0196078137929385,2022-04-01
2022-03-30,3,0.5297666869746737,0.5403243637862148,0,0.0,1,0.0231014406784757,2022-04-01
2022-03-31,3,0.5388986574966337,0.5403243637862148,0,0.0,1,0.019181872360112,2022-04-01
2022-04-01,3,0.5402354857564122,0.5403243637862148,0,0.0,1,0.0091371107768642,2022-04-06
2022-04-04,3,0.5406754513783272,0.5403243637862148,1,0.2,1,0.0077965157668276,2022-04-06
2022-04-05,3,0.5374086141237592,0.5403122960633668,0,0.0,1,0.0075811036319251,2022-04-06
2022-04-06,3,0.5384836627387536,0.5403092510007034,0,0.0,0,-0.0072787452010397,2022-04-07
2022-04-07,3,0.5411544018784834,0.5403092510007034,1,0.2,0,-0.0154454769868631,2022-04-08
2022-04-08,3,0.5394353481010818,0.5403092510007034,0,0.0,0,-0.008492076857347,2022-04-12
2022-04-11,3,0.5412703521765992,0.5403223834273844,1,0.2,0,-0.008492076857347,2022-04-12
2022-04-12,3,0.4576324327181859,0.5403223834273844,0,0.0,1,0.0169611646124767,2022-04-13
2022-04-13,3,0.5440969428349695,0.5403544213111321,1,0.2,1,0.012874165478941,2022-04-14
2022-04-14,3,0.5407991247954625,0.5404082003590365,1,0.2,1,0.0090556792609228,2022-04-18
2022-04-15,3,0.5395344309663914,0.5403544213111321,0,0.0,0,-0.0110684862737376,2022-04-20
2022-04-18,3,0.5399969799683142,0.5403544213111321,0,0.0,0,-0.0129660883840136,2022-04-20
2022-04-19,3,0.5401499928875256,0.5403544213111321,0,0.0,0,-0.0139786832400076,2022-04-20
2022-04-20,3,0.5408702168298136,0.5403544213111321,1,0.2,0,-0.009550314587571,2022-04-21
2022-04-21,3,0.5423968637150203,0.5403544213111321,1,0.2,0,-0.0187514318723002,2022-04-22
2022-04-22,3,0.5432010879463101,0.5403544213111321,1,0.2,0,-0.0444544363439389,2022-04-25
2022-04-25,3,0.5506443142693883,0.5404082003590365,1,0.2,1,0.0170991864322591,2022-04-26
2022-04-26,3,0.542644589423401,0.5404869908048282,1,0.2,1,0.0218329020282821,2022-04-29
2022-04-27,3,0.5422065763290569,0.5405746453221533,1,0.2,0,0.0119966857316553,2022-05-04
2022-04-28,3,0.539704572376821,0.5405746453221533,0,0.0,0,0.0100544111260079,2022-05-05
2022-04-29,3,0.5390408250888677,0.5405746453221533,0,0.0,0,-0.0137925561347468,2022-05-06
2022-05-02,3,0.5395663082966637,0.5404869908048282,0,0.0,0,-0.061211982286396,2022-05-09
2022-05-03,3,0.5377372919697159,0.5404869908048282,0,0.0,0,-0.0137925561347468,2022-05-06
2022-05-04,3,0.45066319613873757,0.5404082003590365,0,0.0,0,-0.0603161440723328,2022-05-09
2022-05-05,3,0.5389207250454131,0.5404082003590365,0,0.0,0,-0.013080087158989,2022-05-06
2022-05-06,3,0.5398061129756039,0.5403544213111321,0,0.0,0,-0.0480826082246932,2022-05-09
2022-05-09,3,0.539076649617763,0.5403544213111321,0,0.0,1,0.0185497845264683,2022-05-10
2022-05-10,3,0.5414323918771999,0.5403544213111321,1,0.2,0,-0.0230333943598535,2022-05-12
2022-05-11,3,0.5393228453803275,0.5403544213111321,0,0.0,0,-0.0294288056184949,2022-05-12
2022-05-12,3,0.53947471350434,0.5403544213111321,0,0.0,0,-0.0342911314077342,2022-05-13
2022-05-13,3,0.5429178794769688,0.5404261711538534,1,0.2,1,0.0257278250538077,2022-05-17
2022-05-16,3,0.5495546919776191,0.5405746453221533,1,0.34306374469735323,1,0.0352016986109797,2022-05-17
2022-05-17,3,0.5404254497838915,0.5405746453221533,0,0.0,0,0.0043016818043188,2022-05-24
2022-05-18,3,0.5417693808883041,0.5405746453221533,1,0.2,1,0.0241076471391197,2022-05-25
2022-05-19,3,0.5391135916930561,0.5405746453221533,0,0.0,1,0.0242219147337829,2022-05-26
2022-05-20,3,0.5393737827424533,0.5404586701578503,0,0.0,1,0.0233087719370328,2022-05-25
2022-05-23,3,0.54026123960262,0.5404586701578503,0,0.0,1,0.0296558052168578,2022-05-25
2022-05-24,3,0.5399014251942778,0.5404586701578503,0,0.0,1,0.0255847208570105,2022-05-25
2022-05-25,3,0.5389054106602841,0.5404586701578503,0,0.0,1,0.0187790022361631,2022-05-27
2022-05-26,3,0.5397916443908811,0.5403719207748229,0,0.0,1,0.018493354332133,2022-05-30
2022-05-27,3,0.539113086553631,0.5403719207748229,0,0.0,1,0.0240996816579228,2022-06-03
2022-05-30,3,0.5392356104834436,0.5403719207748229,0,0.0,1,0.0183820132383849,2022-06-03
2022-05-31,3,0.539109099558861,0.5403045158386207,0,0.0,1,0.0191554570333012,2022-06-03
2022-06-01,3,0.5389350345580485,0.5402691151330752,0,0.0,1,0.0166438691446795,2022-06-06
2022-06-02,3,0.5414841654350111,0.5402691151330752,1,0.2,1,0.0166438691446795,2022-06-06
2022-06-03,3,0.535895598901752,0.5402444996025849,0,0.0,1,0.015902005973563,2022-06-07
2022-06-06,3,0.5394397370629062,0.5402444996025849,0,0.0,1,0.0197355860266721,2022-06-08
2022-06-07,3,0.539209300959713,0.5401881188338525,0,0.0,0,-0.0430484999925951,2022-06-13
2022-06-08,3,0.5399891487005377,0.5401544101256422,0,0.0,0,-0.0183420073532716,2022-06-10
2022-06-09,3,0.5391830689212042,0.5401544101256422,0,0.0,0,-0.0177586261871538,2022-06-10
2022-06-10,3,0.5387239109722658,0.5401544101256422,0,0.0,0,-0.0339238476223249,2022-06-13
2022-06-13,3,0.539727438720051,0.5401544101256422,0,0.0,1,0.0313765167795605,2022-06-16
2022-06-14,3,0.5417547887560756,0.5401881188338525,1,0.2,1,0.0284767738989082,2022-06-16
2022-06-15,3,0.5412051035487834,0.5402444996025849,1,0.2,1,0.0268759361375618,2022-06-16
2022-06-16,3,0.5408744722854849,0.5403187131660651,1,0.2,0,-0.0226520108452371,2022-06-20
2022-06-17,3,0.5361977152095392,0.5402444996025849,0,0.0,0,-0.019688729762613,2022-06-20
2022-06-20,3,0.5413801238328279,0.5403187131660651,1,0.2,0,-0.0149192372295255,2022-06-21
2022-06-21,3,0.5402498371528103,0.5403187131660651,0,0.0,0,-0.0149080327941435,2022-06-22
2022-06-22,4,0.5693930735274128,0.6132226622112801,0,0.0,1,0.015614388252773,2022-06-23
2022-06-23,4,0.5378229731158033,0.6132226622112801,0,0.0,1,0.0148276277868388,2022-06-28
2022-06-24,4,0.5084749213177768,0.6132226622112801,0,0.0,0,-0.0051050019199421,2022-07-01
2022-06-27,4,0.5380656646400225,0.6132226622112801,0,0.0,0,-0.0169703771672543,2022-07-04
2022-06-28,4,0.5025041212808171,0.6096121419165429,0,0.0,0,-0.015314429289933,2022-07-01
2022-06-29,4,0.5674838551506421,0.6085184513350814,0,0.0,0,-0.0170213954930549,2022-07-01
2022-06-30,4,0.5574070087584451,0.6073273018536556,0,0.0,0,-0.0151371432426041,2022-07-04
2022-07-01,4,0.5878385081867368,0.6073273018536556,0,0.0,0,-0.0231032805851596,2022-07-05
2022-07-04,4,0.583574882538769,0.6057462138531737,0,0.0,0,-0.0188407936815058,2022-07-05
2022-07-05,4,0.6196644525867924,0.6057462138531737,1,0.29598855886237185,0,-0.0141655113023172,2022-07-06
2022-07-06,4,0.6086286591071709,0.6073273018536556,1,0.2,1,0.0118947655312193,2022-07-08
2022-07-07,4,0.5772752985536165,0.6073273018536556,0,0.0,1,0.0121067735263116,2022-07-14
2022-07-08,4,0.5926475748271646,0.6057462138531737,0,0.0,0,0.0033607045826946,2022-07-15
2022-07-11,4,0.6147290378404758,0.6057462138531737,1,0.26376847597532427,1,0.0109856137860437,2022-07-13
2022-07-12,4,0.6376058379611655,0.6057462138531737,1,0.5097950638420521,1,0.0106834116147189,2022-07-13
2022-07-13,4,0.5305217180785466,0.6048414304553527,0,0.0,1,0.011024425622899,2022-07-19
2022-07-14,4,0.5834955581581975,0.6037650437790842,0,0.0,1,0.0221356309701603,2022-07-20
2022-07-15,4,0.6199591381586639,0.6037650437790842,1,0.3644661321427332,1,0.0136845362388726,2022-07-19
2022-07-18,4,0.6307519823221519,0.6037650437790842,1,0.477398399733793,1,0.0102838311915915,2022-07-19
2022-07-19,4,0.5908251405837204,0.6037650437790842,0,0.0,1,0.0126500141170673,2022-07-20
2022-07-20,4,0.5830783690110116,0.6037650437790842,0,0.0,0,0.0010903736718932,2022-07-27
2022-07-21,4,0.5978553410898765,0.6037650437790842,0,0.0,1,0.010701509275854,2022-07-28
2022-07-22,4,0.635888115171603,0.6048414304553527,1,0.513297223222359,1,0.0108543365902569,2022-07-28
2022-07-25,4,0.6118825389616397,0.6057462138531737,1,0.23339645529880004,1,0.0124723772463912,2022-07-28
2022-07-26,4,0.6216513874559507,0.6073273018536556,1,0.37911579421939057,1,0.0186017088129326,2022-07-28
2022-07-27,4,0.666574081579914,0.6083785802631972,1,0.9578560703438905,1,0.0151568638708146,2022-07-28
2022-07-28,4,0.5784848852827236,0.6083785802631972,0,0.0,1,0.0188200487384946,2022-08-01
2022-07-29,4,0.5817296682418411,0.6083785802631972,0,0.0,1,0.0175829620962864,2022-08-01
2022-08-01,4,0.6184070962758655,0.6087685301790551,1,0.29272002027479094,0,0.0068981183179002,2022-08-08
2022-08-02,4,0.5834233191778327,0.6083785802631972,0,0.0,0,0.0066863468214581,2022-08-09
2022-08-03,4,0.6091877245799873,0.6087685301790551,1,0.2,1,0.0106443091286392,2022-08-10
2022-08-04,4,0.6175324425325431,0.6088243320226566,1,0.2865609509045171,1,0.0120967304422425,2022-08-10
2022-08-05,4,0.647407595435296,0.6088243320226566,1,0.6754369883652782,1,0.0141298794865021,2022-08-10
2022-08-08,4,0.6034136993708714,0.6083785802631972,0,0.0,1,0.0101040329799573,2022-08-10
2022-08-09,4,0.6173340599247735,0.6088243320226566,1,0.27420891547408965,1,0.0078411312413237,2022-08-10
2022-08-10,4,0.6319495456959643,0.6088243320226566,1,0.48655255319194396,1,0.0104779384622548,2022-08-16
2022-08-11,4,0.591687079754738,0.6083785802631972,0,0.0,1,0.0113726744473821,2022-08-15
2022-08-12,4,0.5806914910247433,0.6083785802631972,0,0.0,1,0.0081159822987977,2022-08-15
2022-08-15,4,0.5983647793805033,0.6083785802631972,0,0.0,0,0.0046456261349439,2022-08-22
2022-08-16,4,0.5935701575604065,0.6083785802631972,0,0.0,0,0.0010614894071552,2022-08-23
2022-08-17,4,0.6083444818167174,0.6084439438683761,0,0.0,1,0.0062365340377936,2022-08-23
2022-08-18,4,0.6054029957036346,0.6084439438683761,0,0.0,1,0.0063778379898502,2022-08-24
2022-08-19,4,0.6163306502480274,0.6088243320226566,1,0.24988016982114197,1,0.0080346769199171,2022-08-24
2022-08-22,4,0.6374239263267515,0.6101309096135656,1,0.5382177703721311,1,0.0055034501954902,2022-08-24
2022-08-23,4,0.6064817348967344,0.6088243320226566,0,0.0,1,0.0073140226967522,2022-08-25
2022-08-24,4,0.6104644597379022,0.6088243320226566,1,0.2,1,0.010399731369528,2022-08-31
2022-08-25,4,0.6023159771582184,0.6084439438683761,0,0.0,1,0.0066700990541375,2022-08-31
2022-08-26,4,0.5745164139106511,0.6084439438683761,0,0.0,1,0.0071454771530561,2022-08-31
2022-08-29,4,0.6148206156708033,0.6088243320226566,1,0.23595114203612594,1,0.0082880119288937,2022-08-31
2022-08-30,4,0.6120933154216577,0.6096345818852575,1,0.2,1,0.0065857679050116,2022-08-31
2022-08-31,4,0.5787247107576823,0.6096345818852575,0,0.0,0,-0.0195978325188529,2022-09-07
2022-09-01,4,0.6477633020787676,0.6096345818852575,1,0.6905620397812509,0,-0.0195978325188529,2022-09-07
2022-09-02,4,0.6122925477522754,0.6109607874662103,1,0.2,0,-0.0195978325188529,2022-09-07
2022-09-05,4,0.6116864324894534,0.6117550697547186,0,0.0,0,-0.0187216360578829,2022-09-07
2022-09-06,4,0.6070539955853308,0.6108921502009451,0,0.0,0,-0.0160394098532741,2022-09-07
2022-09-07,4,0.6244675671987152,0.6117550697547186,1,0.348608990265287,1,0.0164381137321711,2022-09-09
2022-09-08,4,0.6019126001518076,0.6117550697547186,0,0.0,1,0.0136600035582146,2022-09-09
2022-09-09,4,0.5454388569764356,0.6117550697547186,0,0.0,1,0.0055222581433624,2022-09-12
2022-09-12,4,0.5238823631825297,0.6117550697547186,0,0.0,0,-0.0093741855241843,2022-09-14
2022-09-13,4,0.5685233285475789,0.6117550697547186,0,0.0,0,-0.007237848791867,2022-09-14
2022-09-14,4,0.5086625228821622,0.6117550697547186,0,0.0,0,-0.0199482517903497,2022-09-19
2022-09-15,4,0.5244974933856326,0.6117550697547186,0,0.0,0,-0.0090483296271712,2022-09-16
2022-09-16,4,0.5880981952641239,0.6117550697547186,0,0.0,0,-0.0149954470696695,2022-09-19
2022-09-19,4,0.6243458640460684,0.611956310722646,1,0.3730882138530586,1,0.0075706346957977,2022-09-20
2022-09-20,4,0.5989518906957499,0.611956310722646,0,0.0,0,-0.0292420968686372,2022-09-26
2022-09-21,4,0.5719735478690313,0.611956310722646,0,0.0,0,-0.028723820211299,2022-09-26
2022-09-22,4,0.5969941769923736,0.611956310722646,0,0.0,0,-0.0293606445051864,2022-09-26
2022-09-23,4,0.574768957006137,0.611956310722646,0,0.0,0,-0.0246617537647931,2022-09-26
2022-09-26,4,0.6145955033466982,0.6121630467373739,1,0.2,0,-0.0149544928723124,2022-09-28
2022-09-27,4,0.5976088329312054,0.611956310722646,0,0.0,0,-0.0136365636419146,2022-09-28
2022-09-28,4,0.6068534596264541,0.611956310722646,0,0.0,0,-0.0098443534302858,2022-09-29
2022-09-29,4,0.6389279451235643,0.6121630467373739,1,0.6108390915224438,1,0.0115050160165162,2022-09-30
2022-09-30,4,0.5883793156758426,0.6121630467373739,0,0.0,0,-0.029907427243268,2022-10-03
2022-10-03,4,0.5054115673146944,0.611956310722646,0,0.0,1,0.0138723300666445,2022-10-05
2022-10-04,4,0.597058533454512,0.6117550697547186,0,0.0,1,0.0152054487986843,2022-10-05
2022-10-05,4,0.6411261936953999,0.611956310722646,1,0.63554992132126,0,-0.0180141574955453,2022-10-06
2022-10-06,4,0.7056437803471193,0.6121630467373739,1,1.0,0,-0.0155120323717046,2022-10-07
2022-10-07,4,0.5684576933486339,0.611956310722646,0,0.0,0,-0.0135382834365246,2022-10-11
2022-10-10,4,0.6794135090955689,0.611956310722646,1,1.0,0,-0.0207328977458987,2022-10-11
2022-10-11,4,0.6203208170159665,0.6121630467373739,1,0.20445283262193517,1,0.0169634871919268,2022-10-12
2022-10-12,4,0.6819941999385358,0.6130985822103233,1,1.0,1,0.0177082065543592,2022-10-14
2022-10-13,4,0.6479314974356802,0.614674292660135,1,0.550039784386368,1,0.016591909085516,2022-10-18
2022-10-14,4,0.6145239588661433,0.6145489994343375,0,0.0,0,-0.0075870498941509,2022-10-21
2022-10-17,4,0.561450899778231,0.6145489994343375,0,0.0,0,-0.0354544276330535,2022-10-24
2022-10-18,4,0.5971088727460383,0.6130735416421291,0,0.0,0,-0.0179854350439011,2022-10-21
2022-10-19,4,0.5752242211397027,0.6121630467373739,0,0.0,0,-0.021042588582124,2022-10-21
2022-10-20,4,0.6037040990339566,0.6121630467373739,0,0.0,0,-0.0212529870759911,2022-10-21
2022-10-21,4,0.6066366431503861,0.6121630467373739,0,0.0,0,-0.0249603910026633,2022-10-24
2022-10-24,4,0.5688540454272544,0.6118288415157249,0,0.0,1,0.0282787163144357,2022-10-27
2022-10-25,4,0.5359334712282118,0.6118288415157249,0,0.0,1,0.0198989044925088,2022-10-27
2022-10-26,4,0.5381476708685342,0.6118288415157249,0,0.0,1,0.0216375995136453,2022-10-27
2022-10-27,4,0.5379801922216471,0.6108921502009451,0,0.0,0,-0.0151354173919836,2022-11-03
2022-10-28,4,0.5625664051391728,0.6090864740891321,0,0.0,0,-0.0170500625869882,2022-11-03
2022-10-31,4,0.6188975784980131,0.6108921502009451,1,0.23133645902858113,0,-0.0284580431878127,2022-11-04
2022-11-01,4,0.5312898086255814,0.6090864740891321,0,0.0,0,-0.0132891654778976,2022-11-03
2022-11-02,4,0.5864591322995465,0.6075056657663161,0,0.0,0,-0.0226192107094462,2022-11-04
2022-11-03,4,0.5841728900385459,0.6075056657663161,0,0.0,0,-0.0179480134121525,2022-11-04
2022-11-04,4,0.586206016708181,0.6075056657663161,0,0.0,0,-0.0207655623681976,2022-11-07
2022-11-07,4,0.5863744604404776,0.6075056657663161,0,0.0,0,-0.0188648715437503,2022-11-10
2022-11-08,4,0.5954160550894806,0.6075056657663161,0,0.0,0,-0.0166237003738841,2022-11-10
2022-11-09,4,0.5589175757208413,0.6069236472120609,0,0.0,0,-0.0266028924696409,2022-11-10
2022-11-10,4,0.5807356755041921,0.6069236472120609,0,0.0,0,-0.0480852173770395,2022-11-15
2022-11-11,4,0.549644011084321,0.6067125289170099,0,0.0,0,-0.0506091634583658,2022-11-15
2022-11-14,4,0.5628691203441151,0.6065359527855125,0,0.0,0,-0.0373245586853157,2022-11-15
2022-11-15,4,0.5609132734452432,0.604730489474707,0,0.0,1,0.0319452590733904,2022-11-17
2022-11-16,4,0.5944425450343759,0.6028018198147268,0,0.0,1,0.0224232707045579,2022-11-17
2022-11-17,4,0.5576561001804291,0.6025396247605598,0,0.0,0,-0.0049724454082606,2022-11-24
2022-11-18,4,0.6738396056118021,0.604730489474707,1,1.0,0,0.0084247944769653,2022-11-25
2022-11-21,4,0.7374070509079946,0.604730489474707,1,1.0,1,0.0274642004702929,2022-11-28
2022-11-22,4,0.689070780792057,0.604730489474707,1,1.0,1,0.0271499414118845,2022-11-28
2022-11-23,4,0.6272958673459753,0.6067125289170099,1,0.2975092035059991,1,0.0239488922267767,2022-11-28
2022-11-24,4,0.4274628626473678,0.604730489474707,0,0.0,1,0.0316492057947532,2022-11-28
2022-11-25,4,0.37812527117619626,0.6025396247605598,0,0.0,1,0.0194970357269896,2022-11-28
2022-11-28,4,0.6020936435105749,0.6019759653273762,1,0.2,1,0.0336344259188263,2022-11-30
2022-11-29,4,0.6053164606174846,0.6019759653273762,1,0.2,1,0.0244696317702728,2022-11-30
2022-11-30,4,0.601918085386967,0.6019145199841134,1,0.2,0,-0.0057068362007894,2022-12-07
2022-12-01,4,0.5927757851811045,0.5999900588376759,0,0.0,1,0.0160473360057535,2022-12-05
2022-12-02,4,0.5902976615094244,0.5999900588376759,0,0.0,0,0.0117645829512293,2022-12-09
2022-12-05,4,0.5844195526797646,0.5999900588376759,0,0.0,0,0.003525965707726,2022-12-12
2022-12-06,4,0.6146958105047916,0.6019795307302298,1,0.2,1,0.0189268478688358,2022-12-13
2022-12-07,4,0.6158320978222365,0.6026573029437585,1,0.2,1,0.0193767267240363,2022-12-13
2022-12-08,4,0.6304313289224862,0.6042684255881914,1,0.2932915908418488,1,0.0144001742564454,2022-12-14
2022-12-09,4,0.59488185322176,0.6042684255881914,0,0.0,1,0.0161456070895535,2022-12-15
2022-12-12,4,0.5543093549007356,0.6026573029437585,0,0.0,1,0.0160436378458381,2022-12-15
2022-12-13,4,0.6235107097225254,0.6042684255881914,1,0.2319557267454244,1,0.011495428410821,2022-12-16
2022-12-14,4,0.5887999915258674,0.6042684255881914,0,0.0,0,-0.0053558388264892,2022-12-21
2022-12-15,4,0.5668514081362953,0.6042684255881914,0,0.0,0,-0.0110497025683412,2022-12-20
2022-12-16,4,0.5571488121119512,0.6042684255881914,0,0.0,0,-0.0132935791630883,2022-12-20
2022-12-19,4,0.6068233580906063,0.6042684255881914,1,0.2,0,-0.0130242052969394,2022-12-23
2022-12-20,4,0.5936497236071039,0.6042684255881914,0,0.0,0,-0.0258319077874967,2022-12-26
2022-12-21,4,0.5894940712599448,0.6026573029437585,0,0.0,0,-0.0252657973739719,2022-12-26
2022-12-22,4,0.5938654664751993,0.6019795307302298,0,0.0,0,-0.0240085987897044,2022-12-26
2022-12-23,4,0.6001960660259921,0.6019795307302298,0,0.0,0,-0.0196793995499655,2022-12-26
2022-12-26,4,0.5298728253415997,0.6019795307302298,0,0.0,1,0.0158967412371611,2022-12-28
2022-12-27,4,0.5469689971537244,0.6019795307302298,0,0.0,1,0.1508174496710588,2023-11-09
2022-12-28,4,0.6124893152493647,0.6019795307302298,1,0.2,1,0.1396039944325642,2023-11-09
2022-12-29,4,0.559229303547833,0.6007987728023333,0,0.0,1,0.1427122638443874,2023-11-09
2022-12-30,4,0.5349424681846872,0.6007987728023333,0,0.0,1,0.1411194198258878,2023-11-09
2023-11-10,4,0.6211544936331892,0.6007987728023333,1,0.29425868506351927,0,0.0012090342452606,2023-11-17
2023-11-13,4,0.5997002143240324,0.5998737624197183,0,0.0,0,-2.7161691853905268e-05,2023-11-20
2023-11-14,4,0.5539662070862448,0.5980158422983363,0,0.0,0,0.007239341770719,2023-11-21
2023-11-15,4,0.5075482166398756,0.5960085412692758,0,0.0,0,0.0032545950500237,2023-11-22
2023-11-16,4,0.6041403814862407,0.5960085412692758,1,0.2,0,-0.0076430428464137,2023-11-20
2023-11-17,4,0.5696440539013512,0.5960085412692758,0,0.0,1,0.0079797834929462,2023-11-21
2023-11-20,4,0.6080028920987679,0.5969155108215738,1,0.21517034483052752,1,0.0096714282911467,2023-11-21
2023-11-21,4,0.6037279352395046,0.5998737624197183,1,0.2,0,-0.0161834912909037,2023-11-23
2023-11-22,4,0.5781761917958987,0.5969155108215738,0,0.0,0,-0.016742135414285,2023-11-23
2023-11-23,4,0.6344158469365485,0.5969155108215738,1,0.48357856615441047,1,0.0072705487325557,2023-11-28
2023-11-24,4,0.6227532162222074,0.5998737624197183,1,0.350513870676042,1,0.0115341314643602,2023-11-29
2023-11-27,4,0.5628043635648979,0.5998737624197183,0,0.0,1,0.0095799381101304,2023-11-29
2023-11-28,4,0.6212250087472916,0.6007987728023333,1,0.3186216712897729,1,0.0081522775982854,2023-11-29
2023-11-29,4,0.639820864664678,0.6019795307302298,1,0.4942432505079111,1,0.0105173884153841,2023-12-04
2023-11-30,4,0.5996029009719589,0.6019795307302298,0,0.0,1,0.0115438303716133,2023-12-04
2023-12-01,4,0.663138892546711,0.6019795307302298,1,0.7128610072535735,1,0.0093242082843869,2023-12-04
2023-12-04,4,0.67398335835737,0.6026656456157004,1,0.7895444283141912,1,0.0081924498600107,2023-12-06
2023-12-05,4,0.5355949505927272,0.6026656456157004,0,0.0,1,0.0063153950855769,2023-12-08
2023-12-06,4,0.6477109541040778,0.6038722914258623,1,0.5091789739389538,0,-0.0045830236503296,2023-12-13
2023-12-07,4,0.6414889921294061,0.6045520091821761,1,0.434053013903556,0,-0.0056677445366823,2023-12-14
2023-12-08,4,0.6473623064033115,0.6058438747330772,1,0.4773858269808412,0,-0.006212024507621,2023-12-13
2023-12-11,4,0.6490199692896224,0.6072361949934628,1,0.47998323764929274,0,-0.0062728235890853,2023-12-13
2023-12-12,4,0.6652408121939998,0.6095731402014768,1,0.6134183442561292,0,-0.0061335623150404,2023-12-13
2023-12-13,4,0.6550159730838447,0.6132615885887641,1,0.4978142451903711,0,-0.0054333815070136,2023-12-15
2023-12-14,4,0.10170024710113815,0.6132615885887641,0,0.0,0,-0.0103844447402005,2023-12-18
2023-12-15,4,0.5177355740564412,0.6132615885887641,0,0.0,0,-0.0073483486621891,2023-12-18
2023-12-18,4,0.6166116586937127,0.6150935110658973,1,0.2,1,0.0052020635347467,2023-12-19
2023-12-19,4,0.5963527964483607,0.6150935110658973,0,0.0,1,0.0076731951362338,2023-12-20
2023-12-20,4,0.6119634538197223,0.6150935110658973,0,0.0,1,0.0108632616432715,2023-12-22
2023-12-21,4,0.5691334495345207,0.6132615885887641,0,0.0,1,0.007192461225157,2023-12-22
2023-12-22,4,0.6048193092518466,0.6121475053200971,0,0.0,1,0.0131915195215799,2023-12-25
2023-12-25,4,0.6336206807013831,0.6121475053200971,1,0.2562102153222965,1,0.006805340839346,2023-12-26
2023-12-26,4,0.5860965057369039,0.609389088701102,0,0.0,0,-0.1337001449630862,2024-01-01
2023-12-27,4,0.6459759261602914,0.6121475053200971,1,0.33019814688847143,0,-0.1330323143587143,2024-01-01
2023-12-28,4,0.617514222687011,0.6132615885887641,1,0.2,0,-0.1333472784223468,2024-01-01
2023-12-29,4,0.5784332350448194,0.6132615885887641,0,0.0,0,-0.1346865889038351,2024-01-01
2024-01-01,4,0.5790144396350134,0.6132615885887641,0,0.0,0,-0.0001253460106872,2024-01-08
2024-01-02,4,0.5852653684912152,0.6132615885887641,0,0.0,0,0.0022498237463433,2024-01-09
2024-01-03,4,0.5835180392574646,0.6132615885887641,0,0.0,0,-0.0075075225676891,2024-01-10
2024-01-04,4,0.6897819607931818,0.6150935110658973,1,0.6316424601743358,0,-0.0078033760164076,2024-01-10
2024-01-05,4,0.6034908970952794,0.6150935110658973,0,0.0,0,-0.0056612677159683,2024-01-10
2024-01-08,4,0.6051796862039031,0.6136592891498698,0,0.0,0,-0.0062733600332128,2024-01-10
2024-01-09,4,0.5063647633350478,0.6121475053200971,0,0.0,0,-0.0055153060022232,2024-01-10
2024-01-10,4,0.5642051073667662,0.609389088701102,0,0.0,0,0.0033372006654446,2024-01-17
2024-01-11,4,0.5621004254536431,0.609389088701102,0,0.0,0,0.0044303985956792,2024-01-18
2024-01-12,4,0.5999111865430639,0.609389088701102,0,0.0,1,0.0051229189847055,2024-01-16
2024-01-15,4,0.6078450444565722,0.6079002911313407,0,0.0,1,0.0056439297871364,2024-01-18
2024-01-16,4,0.6165291531379711,0.609389088701102,1,0.2,1,0.0057427555136213,2024-01-19
2024-01-17,4,0.6264999819739584,0.6121475053200971,1,0.2,1,0.0051891845121971,2024-01-19
2024-01-18,4,0.6242173268007647,0.613903258510377,1,0.2,1,0.0065392479509289,2024-01-22
2024-01-19,4,0.6083333569864232,0.613903258510377,0,0.0,0,0.0010018809112268,2024-01-26
2024-01-22,4,0.5905556740856321,0.613903258510377,0,0.0,0,-0.006605388597636,2024-01-24
2024-01-23,4,0.5810796984046048,0.613903258510377,0,0.0,1,0.0050413118382386,2024-01-30
2024-01-24,4,0.5807947820387878,0.613903258510377,0,0.0,1,0.0070283596956588,2024-01-29
2024-01-25,4,0.5298943269857139,0.613903258510377,0,0.0,1,0.0070283596956588,2024-01-29
2024-01-26,4,0.5542892340216792,0.613903258510377,0,0.0,1,0.0058164176053989,2024-01-30
2024-01-29,4,0.5866657850284656,0.613903258510377,0,0.0,1,0.0166334647255994,2024-02-01
2024-01-30,4,0.6215984605438327,0.6165580300824807,1,0.2,1,0.0145527417181132,2024-02-01
2024-01-31,4,0.596413411045478,0.6165580300824807,0,0.0,1,0.0129350090461004,2024-02-01
2024-02-01,4,0.6106329806740697,0.6165580300824807,0,0.0,1,0.0051444507992839,2024-02-06
2024-02-02,4,0.6197715987086065,0.6165580300824807,1,0.2,1,0.0051444507992839,2024-02-06
2024-02-05,4,0.6442232481834087,0.6169275560913671,1,0.28964085915632376,1,0.006059518388211,2024-02-07
2024-02-06,4,0.6096301252896841,0.6169275560913671,0,0.0,0,0.0046258764135884,2024-02-16
2024-02-07,4,0.5749903620539634,0.6169275560913671,0,0.0,0,0.0033165046212857,2024-02-19
2024-02-08,4,0.5945997614508572,0.6169275560913671,0,0.0,1,0.0050883338033778,2024-02-20
2024-02-09,4,0.6519606081529291,0.6183043042945694,1,0.325157010446969,1,0.0050883338033778,2024-02-20
2024-02-15,4,0.6008386139725462,0.6183043042945694,0,0.0,1,0.0054028138678965,2024-02-20
2024-02-16,4,0.6157356567941601,0.6183043042945694,0,0.0,1,0.014337267267118,2024-02-21
2024-02-19,4,0.6237142959818409,0.6202802922221463,1,0.2,1,0.0118206006517767,2024-02-21
2024-02-20,4,0.6187044798150568,0.6190779714277992,0,0.0,1,0.0100369034313614,2024-02-21
2024-02-21,4,0.6042204108030996,0.617930812681827,0,0.0,1,0.0140532452737434,2024-02-26
2024-02-22,4,0.5985019537170713,0.617930812681827,0,0.0,1,0.011015376984462,2024-02-26
2024-02-23,4,0.6088332630960116,0.6169275560913671,0,0.0,1,0.013567921130011,2024-02-26
2024-02-26,4,0.5581874970929336,0.6165580300824807,0,0.0,1,0.008862096147477,2024-02-29
2024-02-27,4,0.5487213235673338,0.6165580300824807,0,0.0,1,0.0114444565906099,2024-03-01
2024-02-28,4,0.6085565916794277,0.616013380514494,0,0.0,1,0.0113501627751537,2024-03-01
2024-02-29,5,0.5388291880220788,0.5202037277399251,1,0.2,1,0.0071211339598094,2024-03-01
2024-03-01,5,0.5428431192642934,0.5202037277399251,1,0.21878831123382803,1,0.0058656963531809,2024-03-04
2024-03-04,5,0.5699141086006908,0.5202037277399251,1,0.4937521193481205,1,0.0112073235755583,2024-03-07
2024-03-05,5,0.5226400056056002,0.5211934699705265,1,0.2,1,0.007381892131113,2024-03-07
2024-03-06,5,0.5296337204924949,0.5224635494245559,1,0.2,1,0.0121263303120127,2024-03-07
2024-03-07,5,0.5483389129475694,0.5224635494245559,1,0.2571077202250614,0,-0.0050414709957395,2024-03-11
2024-03-08,5,0.5704196517115375,0.5224635494245559,1,0.4773111089147362,1,0.00694490834514,2024-03-12
2024-03-11,5,0.5259358285845321,0.5224635494245559,1,0.2,1,0.0080766940996348,2024-03-12
2024-03-12,5,0.5319122049903795,0.5228668981412368,1,0.2,1,0.0128247320970185,2024-03-13
2024-03-13,5,0.49928517957454227,0.5228668981412368,0,0.0,0,-0.0208374386534492,2024-03-18
2024-03-14,5,0.674139266562507,0.524214915500123,1,1.0,0,-0.0245377014190117,2024-03-18
2024-03-15,5,0.4994731740003654,0.524214915500123,0,0.0,0,-0.0209249239367961,2024-03-18
2024-03-18,5,0.5603595807806262,0.5263980521531925,1,0.30654191567040806,1,0.0059144096951841,2024-03-19
2024-03-19,5,0.5659853667743203,0.5280885059512597,1,0.34722804675379493,1,0.0103479362955958,2024-03-21
2024-03-20,5,0.5338497400771837,0.5304311900667545,1,0.2,1,0.0076648281126707,2024-03-22
2024-03-21,5,0.4642324263165712,0.5304311900667545,0,0.0,1,0.0085116210531381,2024-03-28
2024-03-22,5,0.440244760190736,0.5304311900667545,0,0.0,0,-0.0069206937555742,2024-03-25
2024-03-25,5,0.517831022777762,0.5304311900667545,0,0.0,1,0.0074878962710775,2024-03-27
2024-03-26,5,0.4782430541673019,0.5304311900667545,0,0.0,1,0.0066506417614364,2024-03-27
2024-03-27,5,0.4185988314871997,0.5304311900667545,0,0.0,1,0.0052459144942076,2024-03-28
2024-03-28,5,0.5062433531550582,0.5304311900667545,0,0.0,1,0.0071403191057752,2024-04-02
2024-03-29,5,0.14201959160042266,0.5304311900667545,0,0.0,1,0.0072435841346338,2024-04-02
2024-04-01,5,0.5090277782145003,0.5304311900667545,0,0.0,1,0.0083958567490782,2024-04-02
2024-04-02,5,0.49359354433096186,0.5304311900667545,0,0.0,0,-0.0069093015702685,2024-04-03
2024-04-03,5,0.4961434278990197,0.5304311900667545,0,0.0,1,0.0058713233558407,2024-04-04
2024-04-04,5,0.48612026276740045,0.5304311900667545,0,0.0,0,-0.0085173606343336,2024-04-05
2024-04-05,5,0.4998404338297657,0.5304311900667545,0,0.0,0,-0.0060651375141156,2024-04-08
2024-04-08,5,0.2142090019103622,0.5304311900667545,0,0.0,1,0.0050971535426627,2024-04-09
2024-04-09,5,0.4963764466815695,0.5304311900667545,0,0.0,1,0.0159645961622658,2024-04-12
2024-04-10,5,0.5011504814355937,0.5280885059512597,0,0.0,1,0.0129158680247982,2024-04-12
2024-04-11,5,0.49989915687114905,0.5280885059512597,0,0.0,1,0.0129777240822523,2024-04-12
2024-04-12,5,0.49977161780352286,0.5280885059512597,0,0.0,0,-0.0277195612491001,2024-04-15
2024-04-15,5,0.501439995896415,0.5263980521531925,0,0.0,0,-0.0100733317569633,2024-04-17
2024-04-16,5,0.5047720479587091,0.524214915500123,0,0.0,0,-0.0283692062773932,2024-04-19
2024-04-17,5,0.5688368221425081,0.524214915500123,1,0.3382232482011748,0,-0.0222137123280913,2024-04-19
2024-04-19,5,0.5056425026387608,0.5228668981412368,0,0.0,1,0.0100747947732249,2024-04-23
2024-04-22,5,0.5071607651727252,0.5224635494245559,0,0.0,1,0.0254660964517225,2024-04-24
2024-04-23,5,0.5058855014427427,0.5194191519007892,0,0.0,1,0.0206072416960823,2024-04-24
2024-04-24,5,0.5001533809064722,0.5162007462915553,0,0.0,1,0.0084526104951732,2024-04-26
2024-04-25,5,0.49472491447375966,0.5148828061804192,0,0.0,1,0.0155267807979997,2024-05-02
2024-04-26,5,0.5194339346862795,0.5162007462915553,1,0.2,1,0.0127810172532849,2024-05-02
2024-04-29,5,0.6262664294760574,0.5162007462915553,1,0.8369022899376111,1,0.0127810172532849,2024-05-02
2024-04-30,5,0.6059719597779506,0.5162007462915553,1,0.6672190735584441,1,0.0127810172532849,2024-05-02
2024-05-02,5,0.586700181201339,0.5162007462915553,1,0.5173875648056621,1,0.0141982828853153,2024-05-06
2024-05-03,5,0.5465423713089625,0.5162007462915553,1,0.22893177224414632,1,0.0119999341171959,2024-05-06
2024-05-06,5,0.5381326217180532,0.5162007462915553,1,0.2,1,0.0077040866872883,2024-05-07
2024-05-07,5,0.5520445290903876,0.5183920419457432,1,0.2704711520788841,1,0.0079079685670284,2024-05-10
2024-05-08,5,0.5553073006255734,0.5205560595080417,1,0.2877179378665009,1,0.0172120953800354,2024-05-15
2024-05-09,5,0.5692153623780393,0.5237935436482264,1,0.37602476771609517,1,0.0153401522457208,2024-05-15
2024-05-10,5,0.561814390349545,0.5272300907523191,1,0.31199700311979595,1,0.0114463638480055,2024-05-15
2024-05-13,5,0.5660113976859569,0.5304311900667545,1,0.3300230271448852,1,0.0137786863022753,2024-05-15
2024-05-14,5,0.551928332613718,0.532590342270761,1,0.22195140389078727,1,0.0107141496503571,2024-05-15
2024-05-15,5,0.5453925355461179,0.535348748651488,1,0.2,1,0.0070175041781861,2024-05-21
2024-05-16,5,0.540851165197731,0.5383764199244622,1,0.2,1,0.0057259769720803,2024-05-21
2024-05-17,5,0.5917189965381761,0.539536880033557,1,0.4722092864622249,1,0.0075277705320195,2024-05-22
2024-05-20,5,0.527781570802714,0.539536880033557,0,0.0,1,0.0077869180452512,2024-05-21
2024-05-21,5,0.5334347465504983,0.539536880033557,0,0.0,1,0.008179257668764,2024-05-23
2024-05-22,5,0.8477622003285422,0.5415483491210279,1,1.0,1,0.0052418740277628,2024-05-23
2024-05-23,5,0.5191359881032844,0.5415483491210279,0,0.0,0,0.0015573554227328,2024-05-30
2024-05-24,5,0.5139820904832578,0.5415483491210279,0,0.0,1,0.0099757321515585,2024-05-28
2024-05-27,5,0.5112374887333634,0.5415483491210279,0,0.0,1,0.0070196008000091,2024-05-28
2024-05-28,5,0.533181256423051,0.5390841119359404,0,0.0,1,0.007286133528896,2024-06-04
2024-05-29,5,0.49408440270072335,0.535348748651488,0,0.0,1,0.0095926223655469,2024-06-04
2024-05-30,5,0.4992170572188818,0.535348748651488,0,0.0,1,0.0106976944654151,2024-06-04
2024-05-31,5,0.5057347116009392,0.535348748651488,0,0.0,1,0.0079024461982744,2024-06-04
2024-06-03,5,0.50524641665229,0.5335799942848382,0,0.0,1,0.0079024461982744,2024-06-04
2024-06-04,5,0.4886376993424453,0.5332699779676575,0,0.0,1,0.0096187728697432,2024-06-10
2024-06-05,5,0.5038383996796013,0.5332699779676575,0,0.0,1,0.0101217002018976,2024-06-10
2024-06-06,5,0.49927445880479054,0.5332699779676575,0,0.0,1,0.0078460781509941,2024-06-10
2024-06-07,5,0.4930033206618372,0.5332699779676575,0,0.0,1,0.0054400660904865,2024-06-10
2024-06-10,5,0.4973291242796827,0.529671460769832,0,0.0,0,-0.0077250117965358,2024-06-13
2024-06-11,5,0.4960795856759405,0.529671460769832,0,0.0,1,0.0067266962129013,2024-06-12
2024-06-12,5,0.5007071827269165,0.5223556073270316,0,0.0,0,-0.0113084977960545,2024-06-13
2024-06-13,5,0.5003916700765867,0.5192402694073327,0,0.0,1,0.0100724545386834,2024-06-18
2024-06-14,5,0.4969422712226518,0.5182877606416949,0,0.0,1,0.0081003337011855,2024-06-18
2024-06-17,5,0.40363487455691355,0.5182877606416949,0,0.0,1,0.0109754713755609,2024-06-18
2024-06-18,5,0.5118880714223956,0.5182877606416949,0,0.0,0,-0.005221440919364,2024-06-19
2024-06-19,5,0.49922895137691775,0.5157859546502671,0,0.0,0,-0.0180289995361772,2024-06-20
2024-06-20,5,0.48089707592439573,0.5157859546502671,0,0.0,1,0.0100726616929736,2024-06-21
2024-06-21,5,0.5000541045170981,0.5157859546502671,0,0.0,0,-0.0112243134429204,2024-06-24
2024-06-24,5,0.497526251213636,0.5157859546502671,0,0.0,0,-0.0145953840939384,2024-06-28
2024-06-25,5,0.49830355682529004,0.5157859546502671,0,0.0,0,-0.0130003713193042,2024-06-28
2024-06-26,5,0.4909918186440896,0.5157859546502671,0,0.0,0,-0.0140920400318629,2024-06-28
2024-06-27,5,0.5003771179848692,0.5157859546502671,0,0.0,0,-0.0108234981932545,2024-06-28
2024-06-28,5,0.49717231388875494,0.5157859546502671,0,0.0,1,0.0155231353061393,2024-07-03
2024-07-01,5,0.4929996745808541,0.5157859546502671,0,0.0,1,0.0125044680044037,2024-07-03
2024-07-02,5,0.4988960945901569,0.5157859546502671,0,0.0,1,0.0107204229895812,2024-07-03
2024-07-03,5,0.4979284420492507,0.5157859546502671,0,0.0,1,0.0170127815460943,2024-07-08
2024-07-04,5,0.5000927992813929,0.5157859546502671,0,0.0,1,0.011190719446749,2024-07-08
2024-07-05,5,0.5113674553860948,0.5157859546502671,0,0.0,1,0.0109860082986199,2024-07-08
2024-07-08,5,0.5659190110780329,0.5192402694073327,1,0.33713949927042974,0,-0.0017831740568751,2024-07-15
2024-07-09,5,0.5726435071341126,0.5223556073270316,1,0.3885820774239263,0,-0.007219351428069,2024-07-11
2024-07-10,5,0.5689197059519177,0.529671460769832,1,0.3403529938513736,1,0.0066866532094431,2024-07-16
2024-07-11,5,0.5648075956737498,0.5332699779676575,1,0.29020953869876964,1,0.00810298096288,2024-07-16
2024-07-12,5,0.557790443612669,0.5332699779676575,1,0.22516550526117102,1,0.0073182754896208,2024-07-16
2024-07-15,5,0.5230569694223084,0.5332699779676575,0,0.0,1,0.0054520119212797,2024-07-16
2024-07-16,5,0.5171708423767593,0.5332699779676575,0,0.0,0,-0.0097728760063344,2024-07-17
2024-07-17,5,0.50406129117535,0.5332699779676575,0,0.0,0,-0.0078029430583556,2024-07-19
2024-07-18,5,0.5270151765457004,0.5332699779676575,0,0.0,0,-0.0065743890602353,2024-07-19
2024-07-19,5,0.7204933156802777,0.5350790028591426,1,1.0,0,-0.0165857073352774,2024-07-22
2024-07-22,5,0.5169209868221646,0.5350790028591426,0,0.0,0,-0.0147121543868103,2024-07-23
2024-07-23,5,0.5089717251006431,0.5332699779676575,0,0.0,1,0.0086439457859004,2024-07-25
2024-07-24,5,0.4905584955351076,0.529671460769832,0,0.0,1,0.0129221152043361,2024-07-26
2024-07-25,5,0.49235701223144207,0.5272834145356552,0,0.0,1,0.0099144619215347,2024-07-26
2024-07-26,5,0.4808743088374872,0.5244423419154955,0,0.0,0,-0.0165030236289481,2024-08-01
2024-07-29,5,0.44065627715386396,0.5205083315649428,0,0.0,0,-0.0212111599419079,2024-08-01
2024-07-30,5,0.5360112070638806,0.5205083315649428,1,0.2,0,-0.0214299397574515,2024-08-01
2024-07-31,5,0.5960694190703101,0.5205083315649428,1,0.5735051717962696,0,-0.0188753706193558,2024-08-01
2024-08-01,5,0.5776941916800141,0.5205083315649428,1,0.40736057243430146,0,-0.0234313260133439,2024-08-05
2024-08-02,5,0.5766012516596842,0.5205083315649428,1,0.3940218273859007,0,-0.0269416133642077,2024-08-05
2024-08-05,5,0.5391581149318438,0.5205083315649428,1,0.2,1,0.0106122813545899,2024-08-06
2024-08-06,5,0.4965598889443313,0.517858643381043,0,0.0,1,0.0194105139484634,2024-08-09
2024-08-07,5,0.5050890200534097,0.5170084362662727,0,0.0,1,0.01627309821735,2024-08-09
2024-08-08,5,0.4701590839705743,0.5150107042018752,0,0.0,1,0.0153982312804865,2024-08-09
2024-08-09,5,0.5326854363943461,0.5150107042018752,1,0.2,1,0.009014535815716,2024-08-12
2024-08-12,5,0.5242341399710894,0.5150107042018752,1,0.2,1,0.0092616821491029,2024-08-19
2024-08-13,5,0.5862627519836864,0.5150107042018752,1,0.5100796769393685,1,0.0089471096479587,2024-08-16
2024-08-14,5,0.5739441384743693,0.5150107042018752,1,0.6414230051503584,1,0.0100429887088961,2024-08-16
2024-08-15,5,0.5640437921382973,0.5150107042018752,1,0.5039425039064285,1,0.0157883834865038,2024-08-16
2024-08-16,5,0.554190665553971,0.5170084362662727,1,0.37236771137181834,1,0.0080985933579353,2024-08-21
2024-08-19,5,0.5219754405836025,0.5188524517491544,1,0.2,1,0.0089942202934019,2024-08-22
2024-08-20,5,0.3947893961792924,0.5170084362662727,0,0.0,0,0.0006262880956153,2024-08-27
2024-08-21,5,0.5020726032330949,0.5170084362662727,0,0.0,0,-0.003177711153748,2024-08-28
2024-08-22,5,0.4960510310262607,0.5170084362662727,0,0.0,0,-0.0052729839807575,2024-08-29
2024-08-23,5,0.501476013388271,0.5170084362662727,0,0.0,0,0.0024079926001279,2024-08-30
2024-08-26,5,0.5090486270803123,0.5170084362662727,0,0.0,0,0.0015138662248981,2024-09-04
2024-08-27,5,0.518022432504522,0.5174688989214762,1,0.2,0,-0.0058836927179971,2024-09-05
2024-08-28,5,0.5215345003826967,0.5192516562618831,1,0.2,0,-0.0068160119122313,2024-09-05
2024-08-29,5,0.515927287660773,0.5192516562618831,0,0.0,0,-0.0067731313921934,2024-09-05
2024-08-30,5,0.5159483979943478,0.5192516562618831,0,0.0,0,-0.0112469176953552,2024-09-05
2024-09-04,5,0.523496273912299,0.5216888294530136,1,0.2,0,-0.0070963599205193,2024-09-05
2024-09-05,5,0.5330296357598425,0.5223539756771496,1,0.2,0,0.0025958895922777,2024-09-12
2024-09-06,5,0.5452992051553623,0.5232107259938051,1,0.23364299214754977,0,-0.006846638872643,2024-09-10
2024-09-09,5,0.5228786808168014,0.5232107259938051,0,0.0,1,0.0074905055566369,2024-09-13
2024-09-10,5,0.4969697851190976,0.5232107259938051,0,0.0,1,0.0073233990351617,2024-09-12
2024-09-11,5,0.48939320150228355,0.5232107259938051,0,0.0,1,0.0051671984577696,2024-09-12
2024-09-12,5,0.49769977718222,0.5232107259938051,0,0.0,1,0.0050110633673472,2024-09-17
2024-09-13,5,0.497398300810087,0.5232107259938051,0,0.0,1,0.0053145918393877,2024-09-18
2024-09-16,5,0.4849916200101123,0.5232107259938051,0,0.0,1,0.0072841253954876,2024-09-18
2024-09-17,5,0.4921649853432802,0.5232107259938051,0,0.0,1,0.0100990486404131,2024-09-19
2024-09-18,5,0.48940081282404324,0.5232107259938051,0,0.0,1,0.00662071675584,2024-09-19
2024-09-19,5,0.3688484485858804,0.5232107259938051,0,0.0,1,0.0063709764385408,2024-09-25
2024-09-20,5,0.4958704086674553,0.5232107259938051,0,0.0,0,-0.0021857556828884,2024-09-27
2024-09-23,5,0.4983151511140075,0.5232107259938051,0,0.0,0,-0.0071045985518085,2024-09-30
2024-09-24,5,0.47681293867248775,0.5232107259938051,0,0.0,0,-0.0079223937105383,2024-09-30
2024-09-25,5,0.4908728134214458,0.5232107259938051,0,0.0,0,-0.006342631967742,2024-09-27
2024-09-26,5,0.5007338678966283,0.5232107259938051,0,0.0,0,-0.0069248667234905,2024-09-30
2024-09-27,5,0.513736771126326,0.5232107259938051,0,0.0,0,-0.0065874003357082,2024-10-02
2024-09-30,5,0.5165636097237998,0.5232107259938051,0,0.0,0,-0.009242338148934,2024-10-03
2024-10-01,5,0.5093448623165763,0.5232107259938051,0,0.0,0,-0.0102349352051739,2024-10-03
2024-10-02,5,0.5103771692884145,0.5229410818287289,0,0.0,0,-0.0056166441451774,2024-10-03
2024-10-03,5,0.5053909345180739,0.5222915746652221,0,0.0,1,0.0050273510618747,2024-10-09
2024-10-04,5,0.4821375151723342,0.5216888294530136,0,0.0,1,0.0063145830741215,2024-10-08
2024-10-07,5,0.5025896000160578,0.5192516562618831,0,0.0,1,0.0064648496697821,2024-10-08
2024-10-08,5,0.49909428622815344,0.5174688989214762,0,0.0,1,0.0053552356694674,2024-10-10
2024-10-09,5,0.4910322069080623,0.5170084362662727,0,0.0,0,0.0014690700220798,2024-10-16
2024-10-10,5,0.37273276638448477,0.5166886917082275,0,0.0,1,0.0054214920864978,2024-10-17
2024-10-11,5,0.527138913254436,0.5173064928109896,1,0.2,0,0.0035461284582765,2024-10-18
2024-10-14,5,0.533563346905226,0.5173064928109896,1,0.2,1,0.0068845484583415,2024-10-17
2024-10-15,5,0.5284463938260152,0.5173064928109896,1,0.2017105870902802,1,0.0067638616863614,2024-10-17
2024-10-16,5,0.5290369343141103,0.5192516562618831,1,0.20622421485001485,1,0.0065008605787184,2024-10-17
2024-10-17,5,0.5134402508492171,0.5192516562618831,0,0.0,0,-0.0060928366803673,2024-10-22
2024-10-18,5,0.5099625630271032,0.5192516562618831,0,0.0,0,-0.0056399673772283,2024-10-22
2024-10-21,5,0.48949868648669254,0.5192516562618831,0,0.0,0,-0.0065619872884508,2024-10-25
2024-10-22,5,0.503185020245927,0.5192516562618831,0,0.0,1,0.007522079548675,2024-10-23
2024-10-23,5,0.5006012963075505,0.5192516562618831,0,0.0,0,-0.0093748920247946,2024-10-25
2024-10-24,5,0.49754471819663276,0.5170741976970525,0,0.0,1,0.005382466588645,2024-10-31
2024-10-25,5,0.28324305045903325,0.516163722099656,0,0.0,1,0.0056579683833615,2024-10-29
2024-10-28,5,0.49008535725023405,0.5159346762775242,0,0.0,1,0.005729850252667,2024-10-30
2024-10-29,5,0.4895484875032829,0.5145034519133824,0,0.0,0,-0.0027453001332309,2024-11-05
2024-10-30,5,0.5063650203516312,0.5135440329462052,0,0.0,0,-0.0053981946882282,2024-11-04
2024-10-31,5,0.48101846314657226,0.5135440329462052,0,0.0,0,-0.0074698922339062,2024-11-04
2024-11-01,5,0.5048214044450828,0.5135440329462052,0,0.0,0,-0.0054036189134081,2024-11-04
2024-11-04,5,0.4971754226113974,0.5135440329462052,0,0.0,1,0.0069879262762353,2024-11-06
2024-11-05,5,0.5030226173931055,0.5114492478346954,0,0.0,1,0.0069605351383028,2024-11-06
2024-11-06,5,0.5037376075245285,0.5101076752185622,0,0.0,1,0.0063101237609863,2024-11-11
2024-11-07,5,0.5200008975965802,0.5101076752185622,1,0.2,0,-0.0044726699899964,2024-11-14
2024-11-08,5,0.06519749170057303,0.5095610575652607,0,0.0,0,-0.0053723814724377,2024-11-14
2024-11-11,5,0.4970886801301778,0.5091523094130047,0,0.0,0,-0.0070915897169446,2024-11-14
2024-11-12,5,0.4795077482075208,0.5073042827066696,0,0.0,0,-0.0181011526650688,2024-11-15
2024-11-13,5,0.49395881636064276,0.505731864559819,0,0.0,0,-0.0051863117047353,2024-11-14
2024-11-14,5,0.507486128177769,0.5067574080907794,1,0.2,0,-0.0131819328515702,2024-11-15
2024-11-15,5,0.5106471345145221,0.5080330027936591,1,0.2,0,-0.0142959427686881,2024-11-19
2024-11-18,5,0.50530115456108,0.5080330027936591,0,0.0,0,-0.0112390567204334,2024-11-19
2024-11-19,5,0.49854596607431617,0.5080330027936591,0,0.0,1,0.0068090429011635,2024-11-20
2024-11-20,5,0.495366011424485,0.5067574080907794,0,0.0,1,0.0050137478170566,2024-11-25
2024-11-21,5,0.478859731482415,0.505731864559819,0,0.0,1,0.0085725934336458,2024-11-28
2024-11-22,5,0.4502988729471588,0.5053325775460279,0,0.0,1,0.0051318593503106,2024-11-27
2024-11-25,5,0.5354176119900117,0.5053325775460279,1,0.30936815075459934,1,0.0082161813060361,2024-11-28
2024-11-26,5,0.5604382156510307,0.5053325775460279,1,0.4955202086245831,1,0.0130190052810377,2024-11-29
2024-11-27,5,0.5963314797663903,0.5053325775460279,1,0.7507986022591016,1,0.0119466369523832,2024-11-29
2024-11-28,5,0.5789299052919036,0.5053325775460279,1,0.6048457426641738,1,0.008185709407332,2024-11-29
2024-11-29,5,0.5577433604041777,0.5053325775460279,1,0.4415318740230951,1,0.0129120800812754,2024-12-05
2024-12-02,5,0.5626804683578499,0.5053325775460279,1,0.4701141046061897,1,0.013379169278761,2024-12-05
2024-12-03,5,0.5695561666390865,0.505731864559819,1,0.5069456643241081,1,0.0088792250296332,2024-12-05
2024-12-04,5,0.5710396631746752,0.5067574080907794,1,0.5022973057228777,1,0.0097683021028536,2024-12-05
2024-12-05,5,0.5637153263919888,0.5081366851263515,1,0.43649527863087206,1,0.0058017277960591,2024-12-06
2024-12-06,5,0.5226034034991086,0.5095610575652607,1,0.2,0,0.0012644329972981,2024-12-13
2024-12-09,5,0.610084791900571,0.5101076752185622,1,0.7398219514727995,0,0.002847133244749,2024-12-16
2024-12-10,5,0.5288668974540826,0.5104716571175522,1,0.2,0,-0.0036765549649256,2024-12-17
2024-12-11,5,0.5144090752811006,0.5116247252316654,1,0.2,0,0.0004853529805326,2024-12-18
2024-12-12,5,0.5487372124185642,0.5135440329462052,1,0.2794747511461806,0,0.0012343226890205,2024-12-19
2024-12-13,5,0.5125732685397317,0.5135440329462052,0,0.0,0,0.0011170078918651,2024-12-20
2024-12-16,5,0.7924192447385338,0.5139720775804971,1,1.0,1,0.0133863469356514,2024-12-23
2024-12-17,5,0.5305232301345931,0.5151631623360453,1,0.2,1,0.0166209357227644,2024-12-23
2024-12-18,5,0.6654904330688518,0.5177666604792729,1,0.9141422245656221,1,0.0126336681645797,2024-12-23
2024-12-19,5,0.5236989395749272,0.5209117746624652,1,0.2,1,0.0155462704287205,2024-12-23
2024-12-20,5,0.509671583768285,0.5209117746624652,0,0.0,1,0.0155149509677667,2024-12-23
2024-12-23,5,0.5212275871708741,0.5217091228857562,0,0.0,1,0.0107787608204368,2024-12-24
2024-12-24,5,0.486293592038954,0.5217091228857562,0,0.0,1,0.0052030483131626,2024-12-25
2024-12-25,5,0.5058199839910772,0.5217091228857562,0,0.0,0,-0.0058647409002748,2024-12-26
2024-12-26,5,0.5443950403612391,0.5229868411256451,1,0.2,1,0.0059341613917409,2024-12-27
2024-12-27,5,0.5622752372012426,0.5249029303627553,1,0.2483095253154433,0,-0.0059967277279088,2024-12-30
2024-12-30,5,0.5634067122890981,0.5275965314544887,1,0.24815228703419373,1,0.1590656196818625,2025-12-26
